Latitude,Longitude,Sample Date,t500_static_NDVI,t500_static_NDBI,t500_static_BSI,t500_std_NDVI,t500_std_BSI,t2k_static_NDVI,t2k_static_NDBI,t2k_static_BSI,t2k_static_NDWI,t2k_static_NDMI,t2k_std_NDVI,t2k_std_NDWI,t2k_std_BSI,t2k_std_NDMI,t8k_static_NDVI,t8k_static_NDBI,t8k_static_NDWI,t8k_static_NDMI,t8k_std_NDWI,t8k_std_NDMI,t2k_has_urban_sig_ec,t2k_has_urban_sig_drp,t2k_has_mine_sig_ec,t2k_has_mine_sig_drp,t2k_has_farm_sig_ec,t2k_has_farm_sig_drp,t8k_has_urban_sig_ec,t8k_has_urban_sig_drp,t8k_has_mine_sig_ec,t8k_has_mine_sig_drp,t8k_has_farm_sig_ec,t8k_has_farm_sig_drp,t500_90d_NDVI_anomaly,t500_90d_BSI_anomaly,t500_90d_NDVI_1st_diff,t2k_90d_NDVI_anomaly,t2k_90d_NDWI_anomaly,t2k_90d_BSI_anomaly,t2k_90d_NDMI_anomaly,t8k_90d_NDWI_anomaly,t8k_90d_NDMI_anomaly
-24.183889,30.823889,2011-03-01,0.24415204931669762,0.06585732880434754,0.12282662016589388,0.11577152452997612,0.06414649589828024,0.2703720772568468,0.11531561699779871,0.14897039660450034,-0.3763067424517658,-0.11614599559666924,0.13831790574601172,0.14647882717205143,0.08492503447819087,0.0943892220729776,0.2668914085806668,0.15357610391812673,-0.38139465371300585,-0.15358022078423295,0.14966085927893388,0.09871078761469836,1.1190624608407254e-05,1.1439860904407008e-05,6.342582694750098e-05,7.350197799746052e-05,0.3087233282196494,0.30300650086069364,6.640541208284722e-06,6.810962561988652e-06,1.9549791857266727e-05,2.69072864071054e-05,0.3022733644218451,0.302500764427893,,,,,,,,,
-24.183889,30.823889,2011-04-05,0.24415204931669762,0.06585732880434754,0.12282662016589388,0.11577152452997612,0.06414649589828024,0.2703720772568468,0.11531561699779871,0.14897039660450034,-0.3763067424517658,-0.11614599559666924,0.13831790574601172,0.14647882717205143,0.08492503447819087,0.0943892220729776,0.2668914085806668,0.15357610391812673,-0.38139465371300585,-0.15358022078423295,0.14966085927893388,0.09871078761469836,1.1190624608407254e-05,1.1439860904407008e-05,6.342582694750098e-05,7.350197799746052e-05,0.3087233282196494,0.30300650086069364,6.640541208284722e-06,6.810962561988652e-06,1.9549791857266727e-05,2.69072864071054e-05,0.3022733644218451,0.302500764427893,0.8662406781335799,-1.384770024515473,0.10028600400402896,0.40646896474697686,-0.017856993931628595,-0.915900605781899,0.9806611894349001,-0.1355238037565172,1.0435818211624146
-24.183889,30.823889,2011-05-11,0.24415204931669762,0.06585732880434754,0.12282662016589388,0.11577152452997612,0.06414649589828024,0.2703720772568468,0.11531561699779871,0.14897039660450034,-0.3763067424517658,-0.11614599559666924,0.13831790574601172,0.14647882717205143,0.08492503447819087,0.0943892220729776,0.2668914085806668,0.15357610391812673,-0.38139465371300585,-0.15358022078423295,0.14966085927893388,0.09871078761469836,1.1190624608407254e-05,1.1439860904407008e-05,6.342582694750098e-05,7.350197799746052e-05,0.3087233282196494,0.30300650086069364,6.640541208284722e-06,6.810962561988652e-06,1.9549791857266727e-05,2.69072864071054e-05,0.3022733644218451,0.302500764427893,0.8662406781335799,-1.384770024515473,0.10028600400402896,0.40646896474697686,-0.017856993931628595,-0.915900605781899,0.9806611894349001,-0.1355238037565172,1.0435818211624146
-24.183889,30.823889,2011-08-18,0.24415204931669762,0.06585732880434754,0.12282662016589388,0.11577152452997612,0.06414649589828024,0.2703720772568468,0.11531561699779871,0.14897039660450034,-0.3763067424517658,-0.11614599559666924,0.13831790574601172,0.14647882717205143,0.08492503447819087,0.0943892220729776,0.2668914085806668,0.15357610391812673,-0.38139465371300585,-0.15358022078423295,0.14966085927893388,0.09871078761469836,1.1190624608407254e-05,1.1439860904407008e-05,6.342582694750098e-05,7.350197799746052e-05,0.3087233282196494,0.30300650086069364,6.640541208284722e-06,6.810962561988652e-06,1.9549791857266727e-05,2.69072864071054e-05,0.3022733644218451,0.302500764427893,,,,,,,,,
-24.183889,30.823889,2011-09-13,0.24415204931669762,0.06585732880434754,0.12282662016589388,0.11577152452997612,0.06414649589828024,0.2703720772568468,0.11531561699779871,0.14897039660450034,-0.3763067424517658,-0.11614599559666924,0.13831790574601172,0.14647882717205143,0.08492503447819087,0.0943892220729776,0.2668914085806668,0.15357610391812673,-0.38139465371300585,-0.15358022078423295,0.14966085927893388,0.09871078761469836,1.1190624608407254e-05,1.1439860904407008e-05,6.342582694750098e-05,7.350197799746052e-05,0.3087233282196494,0.30300650086069364,6.640541208284722e-06,6.810962561988652e-06,1.9549791857266727e-05,2.69072864071054e-05,0.3022733644218451,0.302500764427893,-0.5296535580629572,0.036252412385676155,-0.06131879994264014,-0.5136958674748932,0.5662878512665377,0.22229695951179734,-0.3814603532369353,0.5765454937703829,-0.3634111219821434
-24.183889,30.823889,2011-10-11,0.24415204931669762,0.06585732880434754,0.12282662016589388,0.11577152452997612,0.06414649589828024,0.2703720772568468,0.11531561699779871,0.14897039660450034,-0.3763067424517658,-0.11614599559666924,0.13831790574601172,0.14647882717205143,0.08492503447819087,0.0943892220729776,0.2668914085806668,0.15357610391812673,-0.38139465371300585,-0.15358022078423295,0.14966085927893388,0.09871078761469836,1.1190624608407254e-05,1.1439860904407008e-05,6.342582694750098e-05,7.350197799746052e-05,0.3087233282196494,0.30300650086069364,6.640541208284722e-06,6.810962561988652e-06,1.9549791857266727e-05,2.69072864071054e-05,0.3022733644218451,0.302500764427893,0.03461385967339713,0.07875580496805987,0.0040072993077172325,-0.3774251775549987,0.38365445663453573,0.10671988714396438,-0.07094223584897254,0.45884792752829,-0.3397521892349675
-24.183889,30.823889,2011-11-08,0.24415204931669762,0.06585732880434754,0.12282662016589388,0.11577152452997612,0.06414649589828024,0.2703720772568468,0.11531561699779871,0.14897039660450034,-0.3763067424517658,-0.11614599559666924,0.13831790574601172,0.14647882717205143,0.08492503447819087,0.0943892220729776,0.2668914085806668,0.15357610391812673,-0.38139465371300585,-0.15358022078423295,0.14966085927893388,0.09871078761469836,1.1190624608407254e-05,1.1439860904407008e-05,6.342582694750098e-05,7.350197799746052e-05,0.3087233282196494,0.30300650086069364,6.640541208284722e-06,6.810962561988652e-06,1.9549791857266727e-05,2.69072864071054e-05,0.3022733644218451,0.302500764427893,-0.5631142303506569,0.1360286493144168,-0.06519259298853111,-0.16323708206863602,0.3859573676219919,-0.011999012760587121,-0.1354940305364939,0.38152150697494025,-0.00770096119373678
-24.183889,30.823889,2011-12-06,0.24415204931669762,0.06585732880434754,0.12282662016589388,0.11577152452997612,0.06414649589828024,0.2703720772568468,0.11531561699779871,0.14897039660450034,-0.3763067424517658,-0.11614599559666924,0.13831790574601172,0.14647882717205143,0.08492503447819087,0.0943892220729776,0.2668914085806668,0.15357610391812673,-0.38139465371300585,-0.15358022078423295,0.14966085927893388,0.09871078761469836,1.1190624608407254e-05,1.1439860904407008e-05,6.342582694750098e-05,7.350197799746052e-05,0.3087233282196494,0.30300650086069364,6.640541208284722e-06,6.810962561988652e-06,1.9549791857266727e-05,2.69072864071054e-05,0.3022733644218451,0.302500764427893,0.17517672814054333,-0.9421211206030484,0.020280476896521543,0.8506277704880414,-0.22909611106914116,-1.0332279027306184,0.999645225886867,-0.2983996868178967,1.2712383380494179
-24.183889,30.823889,2012-01-17,0.37197922532420374,-0.029950043650157753,0.06347066238180957,0.07489709304473438,0.061240720602582926,0.32413705238966006,0.0210314485258988,0.06557385649380887,-0.3836520951495084,-0.023228203760178794,0.1396325410262359,0.1467293169790417,0.0814683962744355,0.08151747197712685,0.32739412723520495,0.04452377075683813,-0.39383034600780303,-0.045058502429328635,0.1516977018507887,0.08401684332341164,1.1190624608407254e-05,1.1439860904407008e-05,6.342582694750098e-05,7.350197799746052e-05,0.3087233282196494,0.30300650086069364,6.640541208284722e-06,6.810962561988652e-06,1.9549791857266727e-05,2.69072864071054e-05,0.3022733644218451,0.302500764427893,-1.4359262101555357,-0.01759957910699382,-0.10754669911098458,0.45757297131613744,-0.17864444206560656,-0.05339954447934923,0.01763969670871199,-0.21241627828500162,0.20190260281012687
-24.183889,30.823889,2012-03-21,0.37197922532420374,-0.029950043650157753,0.06347066238180957,0.07489709304473438,0.061240720602582926,0.32413705238966006,0.0210314485258988,0.06557385649380887,-0.3836520951495084,-0.023228203760178794,0.1396325410262359,0.1467293169790417,0.0814683962744355,0.08151747197712685,0.32739412723520495,0.04452377075683813,-0.39383034600780303,-0.045058502429328635,0.1516977018507887,0.08401684332341164,1.1190624608407254e-05,1.1439860904407008e-05,6.342582694750098e-05,7.350197799746052e-05,0.3087233282196494,0.30300650086069364,6.640541208284722e-06,6.810962561988652e-06,1.9549791857266727e-05,2.69072864071054e-05,0.3022733644218451,0.302500764427893,,,,-0.5843359689518601,0.9890986728006755,-1.3830043549801974,1.2239000669486875,0.5118137088782506,1.4705625705440795
-24.183889,30.823889,2012-04-25,0.37197922532420374,-0.029950043650157753,0.06347066238180957,0.07489709304473438,0.061240720602582926,0.32413705238966006,0.0210314485258988,0.06557385649380887,-0.3836520951495084,-0.023228203760178794,0.1396325410262359,0.1467293169790417,0.0814683962744355,0.08151747197712685,0.32739412723520495,0.04452377075683813,-0.39383034600780303,-0.045058502429328635,0.1516977018507887,0.08401684332341164,1.1190624608407254e-05,1.1439860904407008e-05,6.342582694750098e-05,7.350197799746052e-05,0.3087233282196494,0.30300650086069364,6.640541208284722e-06,6.810962561988652e-06,1.9549791857266727e-05,2.69072864071054e-05,0.3022733644218451,0.302500764427893,1.0709200878248208,-0.8692464468530166,0.08020880156838273,-0.15688235757591001,0.5179995808115081,-1.0937396235481716,0.9887695366063691,0.5630970155400911,1.1920050486492642
-24.183889,30.823889,2012-05-22,0.37197922532420374,-0.029950043650157753,0.06347066238180957,0.07489709304473438,0.061240720602582926,0.32413705238966006,0.0210314485258988,0.06557385649380887,-0.3836520951495084,-0.023228203760178794,0.1396325410262359,0.1467293169790417,0.0814683962744355,0.08151747197712685,0.32739412723520495,0.04452377075683813,-0.39383034600780303,-0.045058502429328635,0.1516977018507887,0.08401684332341164,1.1190624608407254e-05,1.1439860904407008e-05,6.342582694750098e-05,7.350197799746052e-05,0.3087233282196494,0.30300650086069364,6.640541208284722e-06,6.810962561988652e-06,1.9549791857266727e-05,2.69072864071054e-05,0.3022733644218451,0.302500764427893,-0.3088307651114847,-0.20581609327085607,-0.023130526580514454,-0.21387393382602218,0.18281431494152894,0.23705559383074898,-0.1889379937213078,0.16290871102037524,-0.20047180371645268
-24.183889,30.823889,2012-06-26,0.37197922532420374,-0.029950043650157753,0.06347066238180957,0.07489709304473438,0.061240720602582926,0.32413705238966006,0.0210314485258988,0.06557385649380887,-0.3836520951495084,-0.023228203760178794,0.1396325410262359,0.1467293169790417,0.0814683962744355,0.08151747197712685,0.32739412723520495,0.04452377075683813,-0.39383034600780303,-0.045058502429328635,0.1516977018507887,0.08401684332341164,1.1190624608407254e-05,1.1439860904407008e-05,6.342582694750098e-05,7.350197799746052e-05,0.3087233282196494,0.30300650086069364,6.640541208284722e-06,6.810962561988652e-06,1.9549791857266727e-05,2.69072864071054e-05,0.3022733644218451,0.302500764427893,-0.3088307651114847,-0.20581609327085607,-0.023130526580514454,-0.21387393382602218,0.18281431494152894,0.23705559383074898,-0.1889379937213078,0.16290871102037524,-0.20047180371645268
-24.183889,30.823889,2012-07-24,0.37197922532420374,-0.029950043650157753,0.06347066238180957,0.07489709304473438,0.061240720602582926,0.32413705238966006,0.0210314485258988,0.06557385649380887,-0.3836520951495084,-0.023228203760178794,0.1396325410262359,0.1467293169790417,0.0814683962744355,0.08151747197712685,0.32739412723520495,0.04452377075683813,-0.39383034600780303,-0.045058502429328635,0.1516977018507887,0.08401684332341164,1.1190624608407254e-05,1.1439860904407008e-05,6.342582694750098e-05,7.350197799746052e-05,0.3087233282196494,0.30300650086069364,6.640541208284722e-06,6.810962561988652e-06,1.9549791857266727e-05,2.69072864071054e-05,0.3022733644218451,0.302500764427893,-0.3088307651114847,-0.20581609327085607,-0.023130526580514454,-0.21387393382602218,0.18281431494152894,0.23705559383074898,-0.1889379937213078,0.16290871102037524,-0.20047180371645268
-24.183889,30.823889,2012-08-21,0.37197922532420374,-0.029950043650157753,0.06347066238180957,0.07489709304473438,0.061240720602582926,0.32413705238966006,0.0210314485258988,0.06557385649380887,-0.3836520951495084,-0.023228203760178794,0.1396325410262359,0.1467293169790417,0.0814683962744355,0.08151747197712685,0.32739412723520495,0.04452377075683813,-0.39383034600780303,-0.045058502429328635,0.1516977018507887,0.08401684332341164,1.1190624608407254e-05,1.1439860904407008e-05,6.342582694750098e-05,7.350197799746052e-05,0.3087233282196494,0.30300650086069364,6.640541208284722e-06,6.810962561988652e-06,1.9549791857266727e-05,2.69072864071054e-05,0.3022733644218451,0.302500764427893,,,,,,,,,
-24.183889,30.823889,2012-09-25,0.37197922532420374,-0.029950043650157753,0.06347066238180957,0.07489709304473438,0.061240720602582926,0.32413705238966006,0.0210314485258988,0.06557385649380887,-0.3836520951495084,-0.023228203760178794,0.1396325410262359,0.1467293169790417,0.0814683962744355,0.08151747197712685,0.32739412723520495,0.04452377075683813,-0.39383034600780303,-0.045058502429328635,0.1516977018507887,0.08401684332341164,1.1190624608407254e-05,1.1439860904407008e-05,6.342582694750098e-05,7.350197799746052e-05,0.3087233282196494,0.30300650086069364,6.640541208284722e-06,6.810962561988652e-06,1.9549791857266727e-05,2.69072864071054e-05,0.3022733644218451,0.302500764427893,-0.7102735001747975,1.50023333155355,-0.05319742050082832,-0.3212557417082338,0.22444602919135143,1.0699813919820251,-1.1935717933743082,0.22625913770634143,-1.302437144900337
-24.183889,30.823889,2012-10-23,0.37197922532420374,-0.029950043650157753,0.06347066238180957,0.07489709304473438,0.061240720602582926,0.32413705238966006,0.0210314485258988,0.06557385649380887,-0.3836520951495084,-0.023228203760178794,0.1396325410262359,0.1467293169790417,0.0814683962744355,0.08151747197712685,0.32739412723520495,0.04452377075683813,-0.39383034600780303,-0.045058502429328635,0.1516977018507887,0.08401684332341164,1.1190624608407254e-05,1.1439860904407008e-05,6.342582694750098e-05,7.350197799746052e-05,0.3087233282196494,0.30300650086069364,6.640541208284722e-06,6.810962561988652e-06,1.9549791857266727e-05,2.69072864071054e-05,0.3022733644218451,0.302500764427893,-0.7102735001747975,1.50023333155355,-0.05319742050082832,-0.3212557417082338,0.22444602919135143,1.0699813919820251,-1.1935717933743082,0.22625913770634143,-1.302437144900337
-24.183889,30.823889,2012-11-20,0.37197922532420374,-0.029950043650157753,0.06347066238180957,0.07489709304473438,0.061240720602582926,0.32413705238966006,0.0210314485258988,0.06557385649380887,-0.3836520951495084,-0.023228203760178794,0.1396325410262359,0.1467293169790417,0.0814683962744355,0.08151747197712685,0.32739412723520495,0.04452377075683813,-0.39383034600780303,-0.045058502429328635,0.1516977018507887,0.08401684332341164,1.1190624608407254e-05,1.1439860904407008e-05,6.342582694750098e-05,7.350197799746052e-05,0.3087233282196494,0.30300650086069364,6.640541208284722e-06,6.810962561988652e-06,1.9549791857266727e-05,2.69072864071054e-05,0.3022733644218451,0.302500764427893,-0.7102735001747975,1.50023333155355,-0.05319742050082832,-0.3212557417082338,0.22444602919135143,1.0699813919820251,-1.1935717933743082,0.22625913770634143,-1.302437144900337
-24.183889,30.823889,2013-03-21,0.35642367601865776,-0.011748082045763704,0.07220694414387016,0.14333980836323248,0.08627347053207957,0.4021039366475232,0.04462717082833079,0.09735972002121857,-0.466038162154863,-0.04507654572639423,0.15708255432610496,0.13662224508446666,0.09799538866537788,0.11204478274816533,0.3995945656705268,0.08030420268330753,-0.47148852784739514,-0.08010514737508809,0.14047916047575162,0.11481233518776814,1.1190624608407254e-05,1.1439860904407008e-05,6.342582694750098e-05,7.350197799746052e-05,0.3087233282196494,0.30300650086069364,6.640541208284722e-06,6.810962561988652e-06,1.9549791857266727e-05,2.69072864071054e-05,0.3022733644218451,0.302500764427893,,,,,,,,,
-24.183889,30.823889,2013-04-09,0.35642367601865776,-0.011748082045763704,0.07220694414387016,0.14333980836323248,0.08627347053207957,0.4021039366475232,0.04462717082833079,0.09735972002121857,-0.466038162154863,-0.04507654572639423,0.15708255432610496,0.13662224508446666,0.09799538866537788,0.11204478274816533,0.3995945656705268,0.08030420268330753,-0.47148852784739514,-0.08010514737508809,0.14047916047575162,0.11481233518776814,1.1190624608407254e-05,1.1439860904407008e-05,6.342582694750098e-05,7.350197799746052e-05,0.3087233282196494,0.30300650086069364,6.640541208284722e-06,6.810962561988652e-06,1.9549791857266727e-05,2.69072864071054e-05,0.3022733644218451,0.302500764427893,1.2448425807193229,-0.9538880670333975,0.17843549708718376,1.0543611041216931,-0.8245890006099297,-1.031735880579147,1.1068441084219205,-0.9159851657504855,1.1766463801428613
-24.183889,30.823889,2013-05-15,0.35642367601865776,-0.011748082045763704,0.07220694414387016,0.14333980836323248,0.08627347053207957,0.4021039366475232,0.04462717082833079,0.09735972002121857,-0.466038162154863,-0.04507654572639423,0.15708255432610496,0.13662224508446666,0.09799538866537788,0.11204478274816533,0.3995945656705268,0.08030420268330753,-0.47148852784739514,-0.08010514737508809,0.14047916047575162,0.11481233518776814,1.1190624608407254e-05,1.1439860904407008e-05,6.342582694750098e-05,7.350197799746052e-05,0.3087233282196494,0.30300650086069364,6.640541208284722e-06,6.810962561988652e-06,1.9549791857266727e-05,2.69072864071054e-05,0.3022733644218451,0.302500764427893,1.6329659590627372,-1.4328806461129577,0.2340690277990315,1.481321353243169,-0.9200722441214089,-1.5853544935291197,1.5409150870661301,-0.9156355007227234,1.461564623811968
-24.183889,30.823889,2013-06-11,0.35642367601865776,-0.011748082045763704,0.07220694414387016,0.14333980836323248,0.08627347053207957,0.4021039366475232,0.04462717082833079,0.09735972002121857,-0.466038162154863,-0.04507654572639423,0.15708255432610496,0.13662224508446666,0.09799538866537788,0.11204478274816533,0.3995945656705268,0.08030420268330753,-0.47148852784739514,-0.08010514737508809,0.14047916047575162,0.11481233518776814,1.1190624608407254e-05,1.1439860904407008e-05,6.342582694750098e-05,7.350197799746052e-05,0.3087233282196494,0.30300650086069364,6.640541208284722e-06,6.810962561988652e-06,1.9549791857266727e-05,2.69072864071054e-05,0.3022733644218451,0.302500764427893,0.5751426983155978,-0.7074050473781338,0.08244084421558451,0.006152183856278663,0.3433849186999061,-0.7118692358276131,0.5322026585184844,0.3438140061051092,0.5693104404263979
-24.183889,30.823889,2013-07-18,0.35642367601865776,-0.011748082045763704,0.07220694414387016,0.14333980836323248,0.08627347053207957,0.4021039366475232,0.04462717082833079,0.09735972002121857,-0.466038162154863,-0.04507654572639423,0.15708255432610496,0.13662224508446666,0.09799538866537788,0.11204478274816533,0.3995945656705268,0.08030420268330753,-0.47148852784739514,-0.08010514737508809,0.14047916047575162,0.11481233518776814,1.1190624608407254e-05,1.1439860904407008e-05,6.342582694750098e-05,7.350197799746052e-05,0.3087233282196494,0.30300650086069364,6.640541208284722e-06,6.810962561988652e-06,1.9549791857266727e-05,2.69072864071054e-05,0.3022733644218451,0.302500764427893,0.4504068313935882,0.1862097527922094,0.06456122894248839,0.17012279032035002,-0.12553787120046914,0.2805471202992476,-0.17710855052659452,-0.11226171410120767,-0.18716074546517533
-24.183889,30.823889,2013-08-14,0.35642367601865776,-0.011748082045763704,0.07220694414387016,0.14333980836323248,0.08627347053207957,0.4021039366475232,0.04462717082833079,0.09735972002121857,-0.466038162154863,-0.04507654572639423,0.15708255432610496,0.13662224508446666,0.09799538866537788,0.11204478274816533,0.3995945656705268,0.08030420268330753,-0.47148852784739514,-0.08010514737508809,0.14047916047575162,0.11481233518776814,1.1190624608407254e-05,1.1439860904407008e-05,6.342582694750098e-05,7.350197799746052e-05,0.3087233282196494,0.30300650086069364,6.640541208284722e-06,6.810962561988652e-06,1.9549791857266727e-05,2.69072864071054e-05,0.3022733644218451,0.302500764427893,0.4504068313935882,0.1862097527922094,0.06456122894248839,0.17012279032035002,-0.12553787120046914,0.2805471202992476,-0.17710855052659452,-0.11226171410120767,-0.18716074546517533
-24.183889,30.823889,2013-10-01,0.35642367601865776,-0.011748082045763704,0.07220694414387016,0.14333980836323248,0.08627347053207957,0.4021039366475232,0.04462717082833079,0.09735972002121857,-0.466038162154863,-0.04507654572639423,0.15708255432610496,0.13662224508446666,0.09799538866537788,0.11204478274816533,0.3995945656705268,0.08030420268330753,-0.47148852784739514,-0.08010514737508809,0.14047916047575162,0.11481233518776814,1.1190624608407254e-05,1.1439860904407008e-05,6.342582694750098e-05,7.350197799746052e-05,0.3087233282196494,0.30300650086069364,6.640541208284722e-06,6.810962561988652e-06,1.9549791857266727e-05,2.69072864071054e-05,0.3022733644218451,0.302500764427893,-1.473932172616324,0.5694829254127372,-0.21127315531062,-1.3767273349510585,1.4397196792417166,0.6697766431244941,-1.0263842911298209,1.5012518800635863,-1.034552482746845
-24.183889,30.823889,2013-12-11,0.35642367601865776,-0.011748082045763704,0.07220694414387016,0.14333980836323248,0.08627347053207957,0.4021039366475232,0.04462717082833079,0.09735972002121857,-0.466038162154863,-0.04507654572639423,0.15708255432610496,0.13662224508446666,0.09799538866537788,0.11204478274816533,0.3995945656705268,0.08030420268330753,-0.47148852784739514,-0.08010514737508809,0.14047916047575162,0.11481233518776814,1.1190624608407254e-05,1.1439860904407008e-05,6.342582694750098e-05,7.350197799746052e-05,0.3087233282196494,0.30300650086069364,6.640541208284722e-06,6.810962561988652e-06,1.9549791857266727e-05,2.69072864071054e-05,0.3022733644218451,0.302500764427893,-0.28219812058766086,0.46557817899142906,-0.040450224553719494,-0.18274797009337268,0.16763498514611525,0.5339543241785795,-0.43732186702611486,0.19392668224575058,-0.6089313794526411
-24.183889,30.823889,2014-03-11,0.3282454318658805,-0.011014944199937144,0.08395129462761125,0.13831348044942224,0.09140384739079774,0.3461720274231491,0.0472204214236975,0.11084868144514529,-0.46062570021553784,-0.04872007282319496,0.1812960554275278,0.16319346288890832,0.11106958822221122,0.11503214048342868,0.3573237673834898,0.07510837611117858,-0.4757957685231524,-0.07548245294787909,0.1626131400909918,0.11603816092862713,1.1190624608407254e-05,1.1439860904407008e-05,6.342582694750098e-05,7.350197799746052e-05,0.3087233282196494,0.30300650086069364,6.640541208284722e-06,6.810962561988652e-06,1.9549791857266727e-05,2.69072864071054e-05,0.3022733644218451,0.302500764427893,0.3656681930538973,-1.3171228130689416,0.05057684050750261,0.9293230855306228,-0.20531273509419032,-1.595739174260244,1.480313980412023,-0.13151748690857185,1.5329722361562483
-24.183889,30.823889,2014-04-15,0.3282454318658805,-0.011014944199937144,0.08395129462761125,0.13831348044942224,0.09140384739079774,0.3461720274231491,0.0472204214236975,0.11084868144514529,-0.46062570021553784,-0.04872007282319496,0.1812960554275278,0.16319346288890832,0.11106958822221122,0.11503214048342868,0.3573237673834898,0.07510837611117858,-0.4757957685231524,-0.07548245294787909,0.1626131400909918,0.11603816092862713,1.1190624608407254e-05,1.1439860904407008e-05,6.342582694750098e-05,7.350197799746052e-05,0.3087233282196494,0.30300650086069364,6.640541208284722e-06,6.810962561988652e-06,1.9549791857266727e-05,2.69072864071054e-05,0.3022733644218451,0.302500764427893,1.9199316712375434,-1.5437254081596676,0.2655524318659337,1.782611642161194,-0.9350333936338617,-1.8815202462618532,1.9382452944343809,-1.0019974773837697,2.0458802461864485
-24.183889,30.823889,2014-05-14,0.3282454318658805,-0.011014944199937144,0.08395129462761125,0.13831348044942224,0.09140384739079774,0.3461720274231491,0.0472204214236975,0.11084868144514529,-0.46062570021553784,-0.04872007282319496,0.1812960554275278,0.16319346288890832,0.11106958822221122,0.11503214048342868,0.3573237673834898,0.07510837611117858,-0.4757957685231524,-0.07548245294787909,0.1626131400909918,0.11603816092862713,1.1190624608407254e-05,1.1439860904407008e-05,6.342582694750098e-05,7.350197799746052e-05,0.3087233282196494,0.30300650086069364,6.640541208284722e-06,6.810962561988652e-06,1.9549791857266727e-05,2.69072864071054e-05,0.3022733644218451,0.302500764427893,0.8128594366032732,-0.9553585256431476,0.11242941787404115,0.2515101300744252,0.29224726691017666,-0.8193075911632557,0.6171661643276237,0.29316067752645014,0.6856649861220329
-24.183889,30.823889,2014-06-18,0.3282454318658805,-0.011014944199937144,0.08395129462761125,0.13831348044942224,0.09140384739079774,0.3461720274231491,0.0472204214236975,0.11084868144514529,-0.46062570021553784,-0.04872007282319496,0.1812960554275278,0.16319346288890832,0.11106958822221122,0.11503214048342868,0.3573237673834898,0.07510837611117858,-0.4757957685231524,-0.07548245294787909,0.1626131400909918,0.11603816092862713,1.1190624608407254e-05,1.1439860904407008e-05,6.342582694750098e-05,7.350197799746052e-05,0.3087233282196494,0.30300650086069364,6.640541208284722e-06,6.810962561988652e-06,1.9549791857266727e-05,2.69072864071054e-05,0.3022733644218451,0.302500764427893,0.9032853426777161,-0.3870689084752526,0.12493653967503249,0.687937610812921,-0.3774991922137604,-0.31342982937648056,0.4150734072096116,-0.39377633563999537,0.43308014241019127
-24.183889,30.823889,2014-08-12,0.3282454318658805,-0.011014944199937144,0.08395129462761125,0.13831348044942224,0.09140384739079774,0.3461720274231491,0.0472204214236975,0.11084868144514529,-0.46062570021553784,-0.04872007282319496,0.1812960554275278,0.16319346288890832,0.11106958822221122,0.11503214048342868,0.3573237673834898,0.07510837611117858,-0.4757957685231524,-0.07548245294787909,0.1626131400909918,0.11603816092862713,1.1190624608407254e-05,1.1439860904407008e-05,6.342582694750098e-05,7.350197799746052e-05,0.3087233282196494,0.30300650086069364,6.640541208284722e-06,6.810962561988652e-06,1.9549791857266727e-05,2.69072864071054e-05,0.3022733644218451,0.302500764427893,0.10125601697428113,0.44439133312438855,0.014005072134284202,-0.03476707617648815,0.0040587397122446005,0.5633099599382939,-0.5472491288016426,-0.016980976520863066,-0.5073474711909237
-24.183889,30.823889,2014-09-16,0.3282454318658805,-0.011014944199937144,0.08395129462761125,0.13831348044942224,0.09140384739079774,0.3461720274231491,0.0472204214236975,0.11084868144514529,-0.46062570021553784,-0.04872007282319496,0.1812960554275278,0.16319346288890832,0.11106958822221122,0.11503214048342868,0.3573237673834898,0.07510837611117858,-0.4757957685231524,-0.07548245294787909,0.1626131400909918,0.11603816092862713,1.1190624608407254e-05,1.1439860904407008e-05,6.342582694750098e-05,7.350197799746052e-05,0.3087233282196494,0.30300650086069364,6.640541208284722e-06,6.810962561988652e-06,1.9549791857266727e-05,2.69072864071054e-05,0.3022733644218451,0.302500764427893,-0.8898579023577585,0.6700416925509693,-0.12307934366950951,-0.7690583915649046,0.7713999378700465,0.6243644670137086,-0.7698327866719241,0.7852622148169516,-0.7357719858812173
-24.183889,30.823889,2014-11-11,0.3282454318658805,-0.011014944199937144,0.08395129462761125,0.13831348044942224,0.09140384739079774,0.3461720274231491,0.0472204214236975,0.11084868144514529,-0.46062570021553784,-0.04872007282319496,0.1812960554275278,0.16319346288890832,0.11106958822221122,0.11503214048342868,0.3573237673834898,0.07510837611117858,-0.4757957685231524,-0.07548245294787909,0.1626131400909918,0.11603816092862713,1.1190624608407254e-05,1.1439860904407008e-05,6.342582694750098e-05,7.350197799746052e-05,0.3087233282196494,0.30300650086069364,6.640541208284722e-06,6.810962561988652e-06,1.9549791857266727e-05,2.69072864071054e-05,0.3022733644218451,0.302500764427893,-0.2657433654364751,0.7933560928442328,-0.036755889806435904,-0.19799211229876762,0.09901399514565175,0.6967852367738452,-0.6798247267893561,0.10186690235234715,-0.7141475246450268
-24.183889,30.823889,2014-12-09,0.3282454318658805,-0.011014944199937144,0.08395129462761125,0.13831348044942224,0.09140384739079774,0.3461720274231491,0.0472204214236975,0.11084868144514529,-0.46062570021553784,-0.04872007282319496,0.1812960554275278,0.16319346288890832,0.11106958822221122,0.11503214048342868,0.3573237673834898,0.07510837611117858,-0.4757957685231524,-0.07548245294787909,0.1626131400909918,0.11603816092862713,1.1190624608407254e-05,1.1439860904407008e-05,6.342582694750098e-05,7.350197799746052e-05,0.3087233282196494,0.30300650086069364,6.640541208284722e-06,6.810962561988652e-06,1.9549791857266727e-05,2.69072864071054e-05,0.3022733644218451,0.302500764427893,-0.5663016608904206,0.4166600332542239,-0.07832715375867269,-0.37427321922523116,0.6918597059404885,0.15507655589985603,-0.32597712108591537,0.6572089727017356,-0.2769625698161779
-24.183889,30.823889,2015-03-17,0.32434079889309125,-0.0027597540315386334,0.07495580462972731,0.15616982957111916,0.09876105065051527,0.36901191192584454,0.04311252987440097,0.10040910605046811,-0.4605360721044289,-0.04400605780133646,0.16907018478160743,0.15764555925850104,0.09838525822156735,0.10853942368692192,0.36690918372343084,0.0780520761509144,-0.4661934833002576,-0.07822520019664986,0.16174294213722704,0.10235112063710537,1.1190624608407254e-05,1.1439860904407008e-05,6.342582694750098e-05,7.350197799746052e-05,0.3087233282196494,0.30300650086069364,6.640541208284722e-06,6.810962561988652e-06,1.9549791857266727e-05,2.69072864071054e-05,0.3022733644218451,0.302500764427893,-0.03544272655207921,-0.5795012899151544,-0.005535084568718263,0.39979878232328947,0.014059975572082698,-1.0248733103251118,0.9175115597887205,0.03952187278042674,1.0829303044612457
-24.183889,30.823889,2015-05-20,0.32434079889309125,-0.0027597540315386334,0.07495580462972731,0.15616982957111916,0.09876105065051527,0.36901191192584454,0.04311252987440097,0.10040910605046811,-0.4605360721044289,-0.04400605780133646,0.16907018478160743,0.15764555925850104,0.09838525822156735,0.10853942368692192,0.36690918372343084,0.0780520761509144,-0.4661934833002576,-0.07822520019664986,0.16174294213722704,0.10235112063710537,1.1190624608407254e-05,1.1439860904407008e-05,6.342582694750098e-05,7.350197799746052e-05,0.3087233282196494,0.30300650086069364,6.640541208284722e-06,6.810962561988652e-06,1.9549791857266727e-05,2.69072864071054e-05,0.3022733644218451,0.302500764427893,1.2275568004070778,-0.7098953677578573,0.19170733643119736,1.234931574455222,-0.7247634690612486,-1.1640094346073082,1.2066652881145201,-0.78164782283511,1.322375243117066
-24.183889,30.823889,2015-06-19,0.32434079889309125,-0.0027597540315386334,0.07495580462972731,0.15616982957111916,0.09876105065051527,0.36901191192584454,0.04311252987440097,0.10040910605046811,-0.4605360721044289,-0.04400605780133646,0.16907018478160743,0.15764555925850104,0.09838525822156735,0.10853942368692192,0.36690918372343084,0.0780520761509144,-0.4661934833002576,-0.07822520019664986,0.16174294213722704,0.10235112063710537,1.1190624608407254e-05,1.1439860904407008e-05,6.342582694750098e-05,7.350197799746052e-05,0.3087233282196494,0.30300650086069364,6.640541208284722e-06,6.810962561988652e-06,1.9549791857266727e-05,2.69072864071054e-05,0.3022733644218451,0.302500764427893,-0.6282587913834797,-0.21064050263652118,-0.09811506843974122,-0.5877862692308361,0.8118368410082624,-0.12323083161971816,-0.11677980501659099,0.8064331739270294,-0.06087344140743529
-24.183889,30.823889,2015-07-15,0.32434079889309125,-0.0027597540315386334,0.07495580462972731,0.15616982957111916,0.09876105065051527,0.36901191192584454,0.04311252987440097,0.10040910605046811,-0.4605360721044289,-0.04400605780133646,0.16907018478160743,0.15764555925850104,0.09838525822156735,0.10853942368692192,0.36690918372343084,0.0780520761509144,-0.4661934833002576,-0.07822520019664986,0.16174294213722704,0.10235112063710537,1.1190624608407254e-05,1.1439860904407008e-05,6.342582694750098e-05,7.350197799746052e-05,0.3087233282196494,0.30300650086069364,6.640541208284722e-06,6.810962561988652e-06,1.9549791857266727e-05,2.69072864071054e-05,0.3022733644218451,0.302500764427893,0.49769011571440885,0.13967588015537494,0.07772418060011882,0.1998256598797576,-0.2638569963999937,0.2403620969188318,-0.08529029132681326,-0.28710383304464576,-0.09794810787142692
-24.183889,30.823889,2015-08-20,0.32434079889309125,-0.0027597540315386334,0.07495580462972731,0.15616982957111916,0.09876105065051527,0.36901191192584454,0.04311252987440097,0.10040910605046811,-0.4605360721044289,-0.04400605780133646,0.16907018478160743,0.15764555925850104,0.09838525822156735,0.10853942368692192,0.36690918372343084,0.0780520761509144,-0.4661934833002576,-0.07822520019664986,0.16174294213722704,0.10235112063710537,1.1190624608407254e-05,1.1439860904407008e-05,6.342582694750098e-05,7.350197799746052e-05,0.3087233282196494,0.30300650086069364,6.640541208284722e-06,6.810962561988652e-06,1.9549791857266727e-05,2.69072864071054e-05,0.3022733644218451,0.302500764427893,-0.8112229358009917,0.054580724333000014,-0.12668854770934612,-0.832737790022515,0.7824200713874586,0.476494979480264,-0.6344932243009365,0.8272781121735435,-0.7869126751282833
-24.183889,30.823889,2015-09-17,0.32434079889309125,-0.0027597540315386334,0.07495580462972731,0.15616982957111916,0.09876105065051527,0.36901191192584454,0.04311252987440097,0.10040910605046811,-0.4605360721044289,-0.04400605780133646,0.16907018478160743,0.15764555925850104,0.09838525822156735,0.10853942368692192,0.36690918372343084,0.0780520761509144,-0.4661934833002576,-0.07822520019664986,0.16174294213722704,0.10235112063710537,1.1190624608407254e-05,1.1439860904407008e-05,6.342582694750098e-05,7.350197799746052e-05,0.3087233282196494,0.30300650086069364,6.640541208284722e-06,6.810962561988652e-06,1.9549791857266727e-05,2.69072864071054e-05,0.3022733644218451,0.302500764427893,-0.4427423558345227,0.48825057134523464,-0.06914299829886744,-1.028299661873672,1.076610647672355,0.541202817961377,-0.8453239717648658,1.106865337674558,-0.951343382500031
-24.183889,30.823889,2015-10-08,0.32434079889309125,-0.0027597540315386334,0.07495580462972731,0.15616982957111916,0.09876105065051527,0.36901191192584454,0.04311252987440097,0.10040910605046811,-0.4605360721044289,-0.04400605780133646,0.16907018478160743,0.15764555925850104,0.09838525822156735,0.10853942368692192,0.36690918372343084,0.0780520761509144,-0.4661934833002576,-0.07822520019664986,0.16174294213722704,0.10235112063710537,1.1190624608407254e-05,1.1439860904407008e-05,6.342582694750098e-05,7.350197799746052e-05,0.3087233282196494,0.30300650086069364,6.640541208284722e-06,6.810962561988652e-06,1.9549791857266727e-05,2.69072864071054e-05,0.3022733644218451,0.302500764427893,-0.043576162381572074,-0.12455756839757244,-0.006805281856851142,-0.05611552001769023,0.047349612808937916,0.7161346994893512,-0.7490264978194242,0.02999543336596153,-0.8164268703203759
-24.183889,30.823889,2015-11-19,0.32434079889309125,-0.0027597540315386334,0.07495580462972731,0.15616982957111916,0.09876105065051527,0.36901191192584454,0.04311252987440097,0.10040910605046811,-0.4605360721044289,-0.04400605780133646,0.16907018478160743,0.15764555925850104,0.09838525822156735,0.10853942368692192,0.36690918372343084,0.0780520761509144,-0.4661934833002576,-0.07822520019664986,0.16174294213722704,0.10235112063710537,1.1190624608407254e-05,1.1439860904407008e-05,6.342582694750098e-05,7.350197799746052e-05,0.3087233282196494,0.30300650086069364,6.640541208284722e-06,6.810962561988652e-06,1.9549791857266727e-05,2.69072864071054e-05,0.3022733644218451,0.302500764427893,-0.043576162381572074,-0.12455756839757244,-0.006805281856851142,-0.05611552001769023,0.047349612808937916,0.7161346994893512,-0.7490264978194242,0.8338261956610596,-0.6450251325171682
-24.183889,30.823889,2015-12-17,0.32434079889309125,-0.0027597540315386334,0.07495580462972731,0.15616982957111916,0.09876105065051527,0.36901191192584454,0.04311252987440097,0.10040910605046811,-0.4605360721044289,-0.04400605780133646,0.16907018478160743,0.15764555925850104,0.09838525822156735,0.10853942368692192,0.36690918372343084,0.0780520761509144,-0.4661934833002576,-0.07822520019664986,0.16174294213722704,0.10235112063710537,1.1190624608407254e-05,1.1439860904407008e-05,6.342582694750098e-05,7.350197799746052e-05,0.3087233282196494,0.30300650086069364,6.640541208284722e-06,6.810962561988652e-06,1.9549791857266727e-05,2.69072864071054e-05,0.3022733644218451,0.302500764427893,-0.015925098237900212,-0.1465762632754267,-0.002487019879308716,-0.6712148178941361,0.9208704942818143,-0.06318553120215374,-0.11319374939848968,0.8338261956610596,-0.6450251325171682
