Latitude,Longitude,sg_clay_t500_mean,sg_clay_t500_std,sg_clay_t8k_mean,sg_clay_t8k_std,sg_clay_upstream_mean,sg_clay_downstream_mean,sg_clay_updown_ratio,sg_ph_t500_mean,sg_ph_t500_std,sg_ph_t8k_mean,sg_ph_t8k_std,sg_ph_upstream_mean,sg_ph_downstream_mean,sg_ph_updown_ratio,sg_cec_t500_mean,sg_cec_t500_std,sg_cec_t8k_mean,sg_cec_t8k_std,sg_cec_upstream_mean,sg_cec_downstream_mean,sg_cec_updown_ratio,sg_soc_t500_mean,sg_soc_t500_std,sg_soc_t8k_mean,sg_soc_t8k_std,sg_soc_upstream_mean,sg_soc_downstream_mean,sg_soc_updown_ratio
-28.760833,17.730278,17.25,29.877876430563134,67.91458333333334,16.595085738245594,68.03368421052632,56.6,1.2020085549541717,20.75,35.94005425705421,79.47708333333334,17.054370646837786,79.70526315789473,57.8,1.3789837916566927,39.25,67.98299419707844,154.10520833333334,34.53377534443535,154.53052631578947,113.7,1.3591075313601897,49.25,85.3035022727672,100.775,57.14669901519539,100.89684210526316,89.2,1.1311305168738794
-26.861111,28.884722,292.5,3.640054944640259,297.81458333333336,19.629033445207014,297.5599571734475,306.96153846153845,0.9693721195974333,64.0,1.0,64.590625,1.318978307646364,64.59100642398288,64.57692307692308,1.0002180863734091,188.75,1.0897247358851685,199.78645833333334,9.749424339754487,200.06531049250535,189.76923076923077,1.054255791001702,123.5,3.2015621187164243,119.975,8.767684509987038,120.01498929336188,118.53846153846153,1.0124561069515823
-26.45,28.085833,255.75,2.277608394786075,242.25520833333334,56.28993465715338,241.01339285714286,259.640625,0.9282576363273276,61.75,0.4330127018922193,58.5625,13.319247116485226,58.39732142857143,60.875,0.9592989146361478,206.5,3.2015621187164243,190.578125,45.88373146498704,190.38504464285714,193.28125,0.9850155907143535,134.5,8.845903006477066,110.78958333333334,37.10303075886195,107.28794642857143,159.8125,0.671336387507262
-27.671111,27.236944,186.5,107.72302446552455,174.16458333333333,100.34243450468196,172.271645021645,222.75,0.7733856117691029,48.75,28.207933281259724,49.592708333333334,28.41338719391965,48.976190476190474,65.41666666666667,0.7486806187431684,141.5,81.94662897276496,118.31041666666667,69.11900588713924,117.17532467532467,147.44444444444446,0.7947083060114596,83.75,48.60748399166532,72.72604166666666,43.34357590037533,71.58658008658008,101.97222222222223,0.7020203985601622
-27.356667,27.286389,227.0,0.0,215.12916666666666,44.823984271506056,214.0592193808883,218.7926267281106,0.978365782165035,67.0,0.0,64.33125,13.09566811726305,64.4885598923284,63.7926267281106,1.0109093040968955,150.0,3.0,161.640625,36.91260816138629,162.42530282637955,158.95391705069125,1.0218389445192413,75.5,0.5,81.40520833333333,23.67306340984616,82.48183041722746,77.71889400921658,1.0612841506383237
-27.010111,26.698083,0.0,0.0,162.34479166666668,73.03398804921763,165.07286995515696,126.55882352941177,1.304317354978132,0.0,0.0,55.025,24.167458320366805,56.17152466367713,39.98529411764706,1.4048045888637337,0.0,0.0,119.3625,55.9868088072241,121.81165919282512,87.23529411764706,1.3963575227752214,0.0,0.0,69.7875,40.404705919195436,69.47309417040358,73.91176470588235,0.939946359646051
-25.127778,27.628889,222.0,5.612486080160912,226.18333333333334,17.708511763806943,225.92821782178217,227.53947368421052,0.9929187853147459,65.25,0.4330127018922193,64.778125,1.4396688801161883,64.78836633663366,64.72368421052632,1.0009993579135088,167.75,2.7726341266023544,179.40416666666667,14.589136345430306,180.53341584158414,173.40131578947367,1.041130599381757,103.5,9.069178573608527,106.26770833333333,32.177958925040556,103.70173267326733,119.90789473684211,0.8648449120116036
-25.20639,27.558,226.25,3.766629793329841,219.04895833333333,19.488637153007833,218.96712619300106,223.58823529411765,0.9793320561113794,65.0,0.0,64.471875,4.335805459701231,64.45174973488865,65.58823529411765,0.9826724174811089,181.75,4.14578098794425,174.68958333333333,15.762478384644618,174.60127253446447,179.58823529411765,0.972231127770797,107.5,9.5,105.55104166666666,20.88075018004854,105.47826086956522,109.58823529411765,0.9624962076119015
-24.69514,27.40906,219.25,1.920286436967152,229.03125,19.08580030906485,240.14066496163682,221.39718804920915,1.0846599592229382,66.25,0.4330127018922193,67.25208333333333,1.7704153918564485,67.86700767263427,66.82952548330404,1.0155243087800747,186.0,2.5495097567963922,165.853125,12.807317676535877,159.08695652173913,170.50263620386644,0.9330469021688842,107.5,1.118033988749895,103.21354166666667,16.204398321338477,99.96675191815856,105.44463971880492,0.9480496323440495
-26.984722,26.632278,210.5,8.0156097709407,153.47916666666666,80.80742013766778,155.1768292682927,143.53571428571428,1.0811025676808084,65.5,0.5,51.577083333333334,26.725111003693176,52.52926829268293,46.0,1.141940615055842,137.0,5.787918451395113,117.096875,63.032200687963524,120.01951219512195,99.97857142857143,1.2004523617418208,73.25,1.0897247358851685,67.25,44.90561861653097,64.85975609756098,81.25,0.7982739211997679
-28.141944,26.417778,185.75,4.968651728587948,181.9125,13.39941890842037,181.74377224199287,183.12820512820514,0.9924400892514494,67.25,0.4330127018922193,68.54895833333333,1.1000468542735904,68.57651245551601,68.35042735042735,1.0033077350611022,191.25,1.920286436967152,185.48229166666667,10.434503010761807,185.3570581257414,186.3846153846154,0.9944868987343564,82.0,1.5811388300841898,81.49479166666667,10.762007536077887,81.87425860023725,78.76068376068376,1.0395320950857945
-27.398611,26.614722,194.0,4.898979485566356,180.19270833333334,60.734474601867845,179.50054054054053,198.4857142857143,0.9043499235520014,65.0,0.0,59.77291666666667,19.9427434545264,59.52864864864865,66.22857142857143,0.8988363687228459,127.5,5.5901699437494745,113.825,40.34552071378763,113.5881081081081,120.08571428571429,0.9458919304735838,92.25,4.815340071064556,73.60625,25.755160536693094,72.93081081081081,91.45714285714286,0.7974315458842822
-33.501667,21.624167,236.75,2.8613807855648994,229.38958333333332,24.48882176612537,229.5818373812038,215.3846153846154,1.0659156735550943,74.0,1.0,72.60208333333334,5.944885392199659,72.74128827877507,62.46153846153846,1.1645772753972439,203.25,3.031088913245535,192.72083333333333,18.10401610984578,192.96409714889123,175.0,1.1026519837073199,296.75,12.336429791475327,281.578125,32.81409346329269,281.95670538542765,254.0,1.11006576923353
-32.502778,19.535833,145.25,1.7853571071357126,152.02083333333334,6.558358481527387,152.2405609492988,145.84848484848484,1.0438268255398746,77.0,0.7071067811865476,77.678125,1.7021862856461,77.65587918015102,78.3030303030303,0.9917352991260492,165.5,1.118033988749895,170.971875,5.486559394044231,170.9460625674218,171.6969696969697,0.9956265557221381,92.5,6.946221994724902,90.09791666666666,21.985714960546286,90.403451995685,81.51515151515152,1.1090386304289759
-25.459639,28.264306,197.25,6.299801584177076,177.40208333333334,14.995026808680787,177.13900862068965,185.03125,0.9573464407801057,62.25,0.4330127018922193,62.338541666666664,3.5958561159475253,62.317887931034484,62.9375,0.990155121047634,184.0,3.0,174.31979166666667,12.858801458790674,174.31034482758622,174.59375,0.9983767736673643,110.75,13.970952007647869,102.003125,12.226805874840807,101.49568965517241,116.71875,0.8695748511279076
-27.495556,26.074722,218.25,2.165063509461097,205.24583333333334,15.057043732825585,204.9965947786606,208.0253164556962,0.9854406101683342,68.25,0.4330127018922193,67.85833333333333,0.8144101478302496,67.83654937570942,68.10126582278481,0.9961128997533782,166.5,2.29128784747792,169.26875,8.966643190412267,169.08286038592507,171.34177215189874,0.9868163394267351,77.25,9.202581159652981,68.46354166666667,7.253355829540597,67.41543700340522,80.15189873417721,0.8410959449245685
-26.648056,27.089444,247.25,6.684870978560469,225.12708333333333,53.58121265729611,230.9988344988345,175.73529411764707,1.3144703553064274,63.0,0.0,59.860416666666666,13.46899587298136,61.53030303030303,45.81372549019608,1.343053907356561,193.25,1.0897247358851685,188.303125,43.57458632698317,193.71911421911423,142.7450980392157,1.3570981902703168,93.25,1.7853571071357126,93.009375,24.095359935944273,94.91724941724942,76.96078431372548,1.2333196739550143
-26.970278,27.211111,0.0,0.0,205.49375,61.68557673884687,211.79287305122494,114.25806451612904,1.85363609954326,0.0,0.0,58.322916666666664,17.250117627416987,60.216035634743875,30.903225806451612,1.948535599865365,0.0,0.0,174.90416666666667,53.169434195211146,180.869710467706,88.5,2.043725542005668,0.0,0.0,109.01458333333333,48.26998502167839,111.27839643652561,76.2258064516129,1.459852005724828
-27.389722,26.463889,91.5,91.51092830913694,174.65208333333334,58.02939086353618,178.12826086956522,94.7,1.8809742436048271,33.25,33.25187964611926,60.248958333333334,19.86725475285729,61.41847826086956,33.35,1.8416335310550342,74.75,74.93789094977254,130.52291666666667,44.505962800802195,132.9467391304348,74.775,1.777957059582173,122.5,126.5652005884714,86.89791666666666,54.16081374628451,87.26195652173914,78.525,1.1112633749968546
-27.044444,27.005,234.0,8.12403840463596,240.55,15.4039226605866,240.377969762419,245.23529411764707,0.9801932084335468,64.75,0.4330127018922193,65.153125,0.9434481443310314,65.17278617710583,64.61764705882354,1.008591137923609,148.25,0.82915619758885,147.35520833333334,13.965876343428311,147.64902807775377,139.35294117647058,1.0595329157112763,86.5,1.6583123951777,84.525,5.380655938947716,84.31209503239741,90.32352941176471,0.9334455327575181
-30.830556,26.921389,204.25,2.384848003542364,198.97916666666666,10.920621897991381,198.9284210526316,203.8,0.9760962760183218,70.0,0.0,69.35208333333334,1.0911556532971005,69.3578947368421,68.8,1.0081089351270536,185.5,2.29128784747792,189.13541666666666,5.593187432915351,189.12421052631578,190.2,0.9943439039233247,104.0,4.743416490252569,100.86145833333333,13.564605211355417,100.77578947368421,109.0,0.9245485272806583
-27.00222,28.76528,288.75,5.3091901453988255,282.1041666666667,11.823246140783654,282.143007360673,278.0,1.0149029041747177,65.0,1.0,64.546875,1.3715451387790099,64.54574132492114,64.66666666666667,0.9981300204869276,196.5,1.8027756377319946,195.440625,9.324062487780832,195.4858044164038,190.66666666666666,1.0252751979875943,121.0,1.224744871391589,125.090625,11.80506228034009,125.08622502628812,125.55555555555556,0.9962619692351296
-27.02314,28.59389,276.0,3.0,261.46458333333334,53.093988947209354,260.61159737417944,278.4130434782609,0.9360610196929764,62.5,0.5,61.389583333333334,12.20221529722051,61.2144420131291,64.8695652173913,0.9436542669569699,180.5,4.5,188.809375,38.4211871295345,188.1652078774617,201.6086956521739,0.9333189090315879,121.5,1.5,114.78229166666667,23.428870610458315,114.49343544857769,120.52173913043478,0.9499816072565302
-30.679722,26.7125,225.25,5.402545696243577,187.10729166666667,61.756223952178274,187.48294243070362,171.0909090909091,1.0958089089992213,67.25,1.0897247358851685,63.25625,20.394008579421065,63.5,52.86363636363637,1.2012037833167302,197.0,7.3824115301167,180.68645833333332,59.01396924985866,181.4637526652452,147.54545454545453,1.2298837210821594,137.0,17.363755354185336,100.9875,51.6540762549288,99.77505330490405,152.6818181818182,0.6534835286413967
-30.160091,27.40124,233.5,4.153311931459037,242.27708333333334,16.853050411119114,242.63859275053304,226.86363636363637,1.0695349710497644,64.25,0.4330127018922193,65.70104166666667,3.3446473030197406,65.68443496801706,66.4090909090909,0.9890880008858312,171.75,5.261891294962297,189.82708333333332,15.999326022046121,190.02238805970148,181.5,1.046955306113481,140.0,3.6742346141747673,133.925,14.20829423259527,133.95202558635395,132.77272727272728,1.0088820824709235
-32.595833,19.009444,119.5,2.29128784747792,115.321875,19.2222077682137,116.1641961231471,106.42168674698796,1.0915462785250931,70.5,1.118033988749895,68.59583333333333,8.126550065816504,68.47662485746865,69.855421686747,0.9802621357643603,171.5,6.87386354243376,158.29479166666667,21.509289997733475,157.45381984036487,167.18072289156626,0.941818034501475,196.75,43.36112890596831,170.725,38.68116736001298,170.77993158494868,170.14457831325302,1.0037341963986979
-25.99136,27.84208,228.5,7.123903424387503,216.33645833333333,17.460560437452475,215.14508928571428,233.015625,0.9233075648279894,62.25,0.82915619758885,60.17395833333333,3.500885149729597,60.080357142857146,61.484375,0.9771646396789335,195.0,3.24037034920393,188.778125,12.667450933437305,188.625,190.921875,0.987969555609598,110.5,1.6583123951777,121.51979166666666,13.60337059787992,121.59709821428571,120.4375,1.0096282155822294
-26.73806,27.59194,226.75,2.8613807855648994,225.33645833333333,50.89157514549859,226.38345864661653,191.72413793103448,1.180777032508715,61.25,0.82915619758885,58.784375,11.977599127511949,59.16433941997852,46.58620689655172,1.2699969231500325,218.75,2.5860201081971503,196.41770833333334,41.499014784469246,197.49301825993555,161.89655172413794,1.2198716782821286,201.0,69.81045766932057,107.81458333333333,36.46900790159213,107.8453276047261,106.82758620689656,1.009526953045232
-30.860139,29.07125,314.75,4.322904116447646,328.72291666666666,30.676101851871415,328.17473435655256,332.83185840707966,0.9860075773006992,65.0,0.0,64.09166666666667,1.8534689698568523,64.11570247933884,63.91150442477876,1.003195012483239,167.0,2.9154759474226504,175.728125,8.846140909140832,175.55371900826447,177.0353982300885,0.9916306047449478,143.25,5.717298313014636,177.36458333333334,22.759576643537454,177.3896103896104,177.1769911504425,1.0012000386601398
-25.73411,27.21422,183.75,3.5619517121937516,179.34375,51.53947276218653,188.12383177570092,172.2800751879699,1.0919651130308317,61.25,1.299038105676658,56.86875,15.985392501828036,61.25934579439252,53.33646616541353,1.1485452674028447,196.25,6.456585785072479,173.553125,49.844312725402375,189.60280373831776,160.64097744360902,1.180289156325368,154.5,7.365459931328117,149.396875,52.31178355368615,159.32476635514018,141.40977443609023,1.126688497951278
-29.160278,26.573333,236.0,6.442049363362563,226.51979166666666,14.074268185472281,227.12230215827338,224.93962264150943,1.009703401699671,69.75,0.82915619758885,69.73645833333333,0.924393922126216,69.53669064748202,70.26037735849057,0.9896999313366188,226.75,4.380353866983808,219.23020833333334,11.908685728909406,217.29928057553957,224.2943396226415,0.968813037997448,85.0,3.082207001484488,80.06354166666667,5.546312960570943,79.93525179856115,80.4,0.994219549732111
-34.250556,20.9925,217.0,4.636809247747852,222.60729166666667,16.142237200326267,222.99563794983644,214.32558139534885,1.0404527378296975,68.5,0.5,71.03854166666666,1.6398596098235225,71.1701199563795,68.23255813953489,1.043052201131504,184.25,5.7608593109014565,202.678125,16.14083655879423,203.06870229007635,194.34883720930233,1.0448670813053476,244.75,45.42232380669223,164.21770833333332,33.1558425431818,160.9291166848419,234.34883720930233,0.6867075535819439
-25.810483,27.909552,229.75,6.299801584177076,213.60104166666667,33.0000662713718,214.53333333333333,199.61666666666667,1.0747265592380022,61.75,0.4330127018922193,60.26354166666667,7.9133539532824235,60.465555555555554,57.233333333333334,1.0564744709746634,190.25,2.0463381929681126,183.66666666666666,26.030897773394003,184.29444444444445,174.25,1.0576438705557458,119.0,2.7386127875258306,130.140625,23.63234047393617,129.81555555555556,135.01666666666668,0.9614780068297204
-27.273889,28.49,72.5,125.5736835487436,247.66145833333334,76.9819444060744,245.85953177257525,273.3174603174603,0.8995383298488051,15.75,27.279800219209818,57.14895833333333,17.49624063663193,56.91638795986622,60.46031746031746,0.941384206213085,48.75,84.43747686898277,168.571875,52.484650937053736,168.11482720178373,175.0793650793651,0.9602206812063758,38.5,66.68395609140178,126.303125,40.662620921853716,125.1159420289855,143.20634920634922,0.8736759418998651
-27.4275,28.525833,279.5,1.118033988749895,267.70520833333336,11.041379271023944,267.0740740740741,275.8550724637681,0.9681680735055391,63.5,1.118033988749895,61.940625,1.0933585609068663,61.876543209876544,62.768115942028984,0.9857957703705101,163.75,2.277608394786075,165.76145833333334,8.250528642048574,166.21099887766553,159.95652173913044,1.0391011074161234,139.0,3.082207001484488,130.69270833333334,7.83331220908056,130.55218855218854,132.5072463768116,0.9852456535157182
-28.883333,27.89,162.25,93.85993554227491,159.2375,86.61967786681038,153.73789846517118,200.46017699115043,0.7669248863921808,44.5,25.695330315059195,46.75208333333333,25.299229974969375,44.90791027154663,60.575221238938056,0.7413577590469528,90.0,52.19674319342156,92.33333333333333,51.08688813080015,88.50295159386069,121.04424778761062,0.7311619776354727,117.25,67.85047899609847,118.47916666666667,70.87982481617898,116.24321133412043,135.23893805309734,0.859539515818996
-30.534167,24.961944,203.0,2.7386127875258306,198.90208333333334,10.544192508661924,198.82188841201716,201.57142857142858,0.9863594747579232,73.25,1.0897247358851685,73.94791666666667,1.1960855570243387,73.89914163090128,75.57142857142857,0.9778714393490066,236.25,4.815340071064556,236.46458333333334,14.374847674313708,236.26502145922746,243.10714285714286,0.9718555311966576,86.75,4.815340071064556,89.42291666666667,20.910082691365,89.47961373390558,87.53571428571429,1.0222069296395324
-28.460833,21.248889,94.0,94.0,152.78645833333334,77.26072757201163,155.24147339699863,144.8590308370044,1.0716727324482063,38.0,38.0,62.22083333333333,31.02913925069287,62.42428376534789,61.563876651982376,1.0139758436286908,52.5,52.5,96.23958333333333,51.42774964121726,98.40109140518418,89.25991189427313,1.1024108058904245,35.0,35.0,45.64375,26.84015497851742,40.08594815825375,63.590308370044056,0.6303782633813156
-29.658056,25.973333,256.5,3.5,238.91458333333333,26.422863281504064,238.56830601092895,245.95555555555555,0.9699651039471846,71.0,0.0,71.82604166666667,7.485677223756304,71.80437158469945,72.26666666666667,0.9936029278311821,214.0,3.0,234.97083333333333,28.1688950671757,235.19562841530055,230.4,1.0208143594409655,80.0,1.0,82.921875,21.424604737335102,81.92021857923497,103.28888888888889,0.793117434608865
-25.513889,31.224444,300.0,10.88577052853862,327.9302083333333,23.471266209060754,329.0118406889128,295.51612903225805,1.1133464754232996,59.5,2.0615528128088303,57.221875,1.9082443460875236,57.11410118406889,60.45161290322581,0.9447903611009641,181.75,25.033727249452888,128.265625,24.328765245268308,126.67707212055974,175.8709677419355,0.7202841591590461,228.25,6.869315832017043,196.971875,20.26029163950283,196.90958019375674,198.83870967741936,0.990298018495034
-31.554722,29.245556,274.5,6.946221994724902,279.90729166666665,12.185405758458103,280.39314285714283,274.90588235294115,1.019960505963473,61.0,0.0,60.06041666666667,1.401076904761318,60.04342857142857,60.23529411764706,0.9968147321412022,163.0,5.196152422706632,162.64583333333334,11.910761211563637,163.5382857142857,153.45882352941177,1.0656818679626823,182.0,2.449489742783178,249.51354166666667,45.157846124713075,251.76342857142856,226.35294117647058,1.112260469259978
-28.058889,30.373611,223.5,2.692582403567252,242.91666666666666,19.804443244439423,243.353811149033,238.17283950617283,1.0217529910358385,60.0,1.7320508075688772,59.876041666666666,2.694950710420735,59.786120591581344,60.851851851851855,0.982486461332954,95.75,4.968651728587948,108.45416666666667,18.760107923611624,107.77133105802048,115.8641975308642,0.930152138059896,136.25,4.264680527307995,145.834375,19.552457902423463,146.0967007963595,142.98765432098764,1.0217434609304823
-25.681111,31.783333,311.0,2.1213203435596424,281.91979166666664,95.18009696512149,279.8996617812852,306.4657534246575,0.9133146482222043,66.5,0.5,59.64895833333333,19.896311921599874,59.21758737316798,64.89041095890411,0.9125783994584337,188.0,4.06201920231798,169.5,57.30621330478339,167.77113866967306,190.5068493150685,0.8806567284734094,115.0,3.0,105.45625,36.41648783089193,105.12739571589628,109.45205479452055,0.9604880960267105
-27.802778,28.768333,257.0,5.431390245600108,252.04791666666668,10.470882038287044,252.03023758099351,252.52941176470588,0.9980233027894697,65.25,1.299038105676658,62.869791666666664,1.3535154684243136,62.86285097192225,63.05882352941177,0.9968922262322607,180.25,7.628073151196179,158.1625,11.279897772143151,157.84449244060474,166.8235294117647,0.9461764356448069,127.75,8.1967981553775,130.98125,10.751437040577413,130.8185745140389,135.41176470588235,0.9660798291646477
-31.104278,29.399722,264.75,4.548351349665063,272.90208333333334,18.296709512725382,273.20887445887445,265.02777777777777,1.0308688272210218,61.0,0.7071067811865476,60.45,2.940663190506523,60.41017316017316,61.47222222222222,0.9827231060834595,180.25,5.261891294962297,170.87708333333333,13.745889379243124,170.60281385281385,177.91666666666666,0.9588916937857686,219.25,10.473180032826706,237.375,37.723569665838006,236.49891774891776,259.8611111111111,0.9100973852440154
-31.396,29.2651,241.5,4.387482193696061,272.08125,14.718457180385222,272.05960264900665,272.44444444444446,0.9985874485481897,61.25,1.0897247358851685,60.096875,0.968240793591656,60.07505518763797,60.46296296296296,0.993584373698954,156.0,3.391164991562634,169.40104166666666,10.848991838642453,169.49116997792495,167.88888888888889,1.0095436994046434,244.0,7.516648189186454,240.109375,28.651670901410068,240.2086092715232,238.44444444444446,1.0073986409332722
-33.38056,19.30167,125.0,2.7386127875258306,117.24479166666667,37.15041882276157,116.57032967032967,129.52,0.9000179869536725,66.25,0.82915619758885,61.015625,19.041696725678317,60.698901098901096,66.78,0.908938321335882,169.5,5.937171043518958,158.44375,50.159277167215045,157.45604395604394,176.42,0.8925067676904813,241.5,8.558621384311845,251.9125,89.198132979807,250.41538461538462,279.16,0.8970317546041514
-33.313889,19.074722,128.0,1.5811388300841898,120.61666666666666,17.872317203491612,124.70460704607046,107.02702702702703,1.1651693082576504,68.0,0.0,65.446875,8.04617472681118,66.5569105691057,61.75675675675676,1.0777267794542333,173.0,3.6742346141747673,177.93645833333332,24.183610237581647,178.34146341463415,176.5900900900901,1.0099177327762254,260.0,2.9154759474226504,259.14270833333336,45.97065922228653,266.3468834688347,235.1936936936937,1.1324575896818065
-24.396194,27.089833,237.75,2.165063509461097,231.32291666666666,14.445151141232671,232.44341372912803,229.88836104513064,1.0111143194561063,66.75,0.4330127018922193,67.525,0.8644603326160586,67.56215213358071,67.47743467933492,1.0012554931074107,147.5,2.179449471770337,134.034375,13.32986409130672,133.08534322820037,135.24940617577198,0.9839994643314178,82.0,9.1104335791443,74.10520833333334,11.338833253026102,71.95918367346938,76.85273159144893,0.9363256475503382
-26.880278,26.965,118.0,118.0,213.22395833333334,54.64537996023327,218.51843575418994,140.3230769230769,1.5572523104936111,33.0,33.0,62.77708333333333,15.65893966694602,64.32737430167597,41.43076923076923,1.5526473559594676,70.0,70.0,148.30729166666666,45.415860263769794,152.87150837988827,85.46153846153847,1.7887755255951592,42.5,42.5,91.68854166666667,38.982232517390926,91.20335195530727,98.36923076923077,0.9271532494665227
-27.3,28.586944,289.75,3.6996621467371855,286.70520833333336,10.9892738404287,285.8348157560356,290.66473988439304,0.9833831783986706,63.25,1.0897247358851685,63.10520833333333,1.2838637803899688,62.975857687420586,63.69364161849711,0.9887306815415787,182.0,6.519202405202649,184.509375,8.468933154538513,184.83989834815756,183.0057803468208,1.0100221861722611,134.25,3.344772040064913,133.02083333333334,10.242354024940859,132.62007623888184,134.84393063583815,0.9835079384992089
-30.568333,29.422778,373.25,2.7726341266023544,333.13958333333335,107.15103872490639,332.6742596810934,338.1219512195122,0.9838883825233208,61.0,0.7071067811865476,55.35625,17.18575483564319,54.96355353075171,59.5609756097561,0.9228115048145112,175.25,2.680951323690902,168.81875,53.54657690681544,167.07630979498862,187.47560975609755,0.8911895793392155,186.75,10.256095748383007,166.61041666666668,56.19334457768454,164.627562642369,187.84146341463415,0.876417589863473
-30.570833,29.150556,328.75,4.264680527307995,339.2291666666667,28.020260217187293,340.1393442622951,331.89622641509436,1.0248364313633045,58.5,0.5,58.45520833333333,1.697447212708117,58.36768149882904,59.160377358490564,0.9866008991971649,185.25,3.2691742076555053,178.41041666666666,14.446247199868976,176.46838407494144,194.0566037735849,0.9093655183244607,187.75,8.842369591913696,206.734375,40.067615581157,209.13466042154568,187.39622641509433,1.1160025173515915
-34.031944,22.053333,212.25,5.11737237261468,217.22604166666667,14.797872487791295,216.71375464684016,219.9281045751634,0.9853845422137797,64.75,1.299038105676658,65.65520833333333,2.6748975755962237,65.35563816604709,67.23529411764706,0.9720436122669711,179.0,5.049752469181039,199.30625,26.24337143491349,192.45353159851302,235.45098039215685,0.8173825875682875,245.5,19.615045245933032,236.50520833333334,30.701180317265717,233.59603469640643,251.84967320261438,0.927521690720577
-33.13083,18.86278,115.5,0.5,108.796875,11.453319689113794,108.75,114.375,0.9508196721303163,68.5,0.5,67.65729166666667,0.6679016880728447,67.65651260504201,67.75,0.9986201122500686,170.75,0.4330127018922193,172.17916666666667,14.86772172545463,172.23004201680672,166.125,1.0367496885881298,225.5,5.852349955359813,217.83958333333334,35.399171598024566,217.6481092436975,240.625,0.9045116228305747
-33.7075,18.974444,137.5,1.5,89.29166666666667,65.92914704859722,89.4558659217877,87.03076923076924,1.027864819676422,63.25,0.82915619758885,41.360416666666666,30.156489348503232,41.26927374301676,42.61538461538461,0.9684125607544386,191.25,1.920286436967152,120.896875,88.37385543002924,120.88715083798883,121.03076923076924,0.998813372882011,268.0,8.12403840463596,181.83541666666667,135.08212006896542,181.6268156424581,184.7076923076923,0.9833202579338153
-25.578778,29.127472,189.5,4.5,196.70208333333332,11.574162849196577,196.86724700761698,193.0,1.0200375492617357,63.5,0.5,61.239583333333336,1.3017999691666235,61.140369967355824,63.46341463414634,0.9633955298453647,162.25,2.0463381929681126,175.53645833333334,8.834044229943453,175.92165397170837,166.90243902439025,1.054038844488634,154.75,2.48746859276655,131.91354166666667,20.3994440273078,131.1284004352557,149.5121951219512,0.8770415037262462
-26.006389,29.253889,205.75,119.46207557212456,250.03541666666666,49.912911612725246,249.60161662817552,254.03191489361703,0.9825600721570946,45.75,26.423237878806603,60.15,10.332916658265791,60.68822170900693,55.191489361702125,1.0995938397525666,153.0,88.41379982785493,198.34791666666666,34.82342057667113,200.1431870669746,181.80851063829786,1.100846084510548,83.75,48.540575810346546,113.74479166666667,29.040282259416784,115.02193995381063,101.97872340425532,1.1279013515175877
-30.775867,29.032217,311.0,9.486832980505138,327.93541666666664,34.15220215925159,328.9776536312849,313.5846153846154,1.049087351519732,64.25,0.4330127018922193,63.610416666666666,2.2795046595818915,63.56648044692737,64.21538461538462,0.9898948799817547,188.0,2.5495097567963922,187.38541666666666,10.463896055471988,187.05810055865922,191.8923076923077,0.9748077075528352,170.25,10.280442597476044,185.34895833333334,32.714804544959925,185.08379888268158,189.0,0.9792793591671093
-24.925278,29.324444,140.75,1.7853571071357126,157.73541666666668,9.381319860573399,158.15570934256056,153.81720430107526,1.028205590272532,66.0,0.0,65.753125,0.8758868273784006,65.73125720876585,65.95698924731182,0.9965775872849619,158.5,3.5,164.48125,5.465961193681614,164.54094579008074,163.9247311827957,1.00375913141805,99.25,2.384848003542364,99.18854166666667,10.676925761032397,98.02537485582468,110.03225806451613,0.8908785167187931
-24.679167,30.8025,270.0,7.035623639735144,290.1625,15.84188310828819,289.8875802997859,300.03846153846155,0.9661680666314474,57.75,0.4330127018922193,55.811458333333334,0.966562831168891,55.823340471092074,55.38461538461539,1.0079214251706758,122.25,1.6393596310755,120.93541666666667,9.282375539683914,120.95074946466809,120.38461538461539,1.004702711207271,248.5,7.794228634059948,240.96145833333333,52.72336979815748,240.88436830835118,243.73076923076923,0.9883215363759763
-25.49037,30.6986,298.75,2.48746859276655,324.2708333333333,22.496425256150268,325.78125,303.125,1.0747422680408827,59.5,0.5,57.66770833333333,1.474434552044915,57.544642857142854,59.390625,0.9689179539202687,154.25,5.0682837331783235,139.63229166666667,10.316612763641494,138.66517857142858,153.171875,0.9052913831037066,177.5,8.381527307120106,205.21979166666668,23.023869497181916,205.9609375,194.84375,1.0570569366474127
-33.818056,19.694722,143.25,1.299038105676658,151.32291666666666,15.127441119580961,151.2945205479452,151.61904761904762,0.9978595890404378,68.75,0.4330127018922193,67.20520833333333,5.400865474464616,67.19292237442923,67.33333333333333,0.997914688727665,189.75,5.7608593109014565,170.77291666666667,17.715238727144555,169.39383561643837,185.1547619047619,0.9148770135519282,262.0,21.213203435596427,251.1375,44.85627336746408,253.7283105022831,224.11904761904762,1.1321139956540036
-33.897778,20.012778,237.5,2.5,223.75833333333333,21.1712741048389,223.46835443037975,225.10588235294117,0.9927255214055526,69.5,0.5,71.946875,5.367949894299344,71.97974683544304,71.79411764705883,1.0025855765676586,185.0,0.0,188.46770833333332,19.45628109158918,185.41392405063291,202.65882352941176,0.9149067423833752,238.5,4.5,208.365625,28.164706520029196,205.39240506329114,222.18235294117648,0.9244316767028614
-34.065833,20.404167,249.25,6.179603547154137,239.19270833333334,20.929876695725273,239.15671641791045,240.72727272727272,0.9934757857235356,70.5,1.118033988749895,71.75729166666666,5.589466372704752,71.79744136460555,70.04545454545455,1.0250121414789533,215.25,1.299038105676658,197.575,18.96846615658033,197.52558635394456,199.6818181818182,0.9892016616855461,216.0,16.61324772583615,191.365625,49.296157152723794,191.40298507462686,189.77272727272728,1.0085905800334305
-24.058889,31.237222,122.0,122.20474622534103,210.52291666666667,53.44977681424924,212.2079314040729,152.2962962962963,1.393388654646451,34.0,34.0,63.0,15.09946191094239,63.59271168274384,42.51851851851852,1.4956474002003879,93.75,93.83063199190337,188.3375,46.278309466566874,190.07931404072883,128.14814814814815,1.4832778841316976,47.0,47.0,93.18020833333334,32.278763399846405,93.92282958199357,67.51851851851852,1.3910676899122711
-34.092222,21.295278,257.75,7.46240577829965,237.065625,28.437593692611227,236.28806133625412,252.17021276595744,0.9370181305095798,70.0,0.0,68.515625,7.583271448350969,68.4972617743702,68.87234042553192,0.994554001665346,259.25,2.680951323690902,205.696875,40.0127686732753,204.0580503833516,237.53191489361703,0.8590763496966578,227.75,9.03811374126261,189.90833333333333,45.005137823981336,187.5684556407448,235.36170212765958,0.7969370290283185
-27.363611,31.783333,318.5,25.509802037648196,307.503125,17.407672836071697,306.8979808714134,337.4736842105263,0.9093982589761582,67.25,0.4330127018922193,65.584375,1.6346398765604815,65.55791710945802,66.89473684210526,0.9800160700848468,161.0,1.224744871391589,156.50833333333333,13.214651485714215,156.70775770456962,146.6315789473684,1.068717658429574,192.75,13.970952007647869,200.54791666666668,30.668587957817508,200.61955366631244,197.0,1.0183733688640133
-34.329722,18.990278,141.5,4.153311931459037,135.82291666666666,76.85995039567999,169.08496732026143,5.333333333333333,31.70343137195458,64.25,0.4330127018922193,47.67395833333333,26.418840912593623,59.22875816993464,2.3435897435897437,25.272664863554567,191.0,3.082207001484488,145.215625,80.86452382962945,180.41830065359477,7.112820512820512,25.365226118930323,391.0,8.215838362577491,289.01145833333334,166.18920214735152,359.25098039215686,13.456410256410257,26.69738611888338
-23.281,30.543056,272.75,1.479019945774904,265.87916666666666,22.01576100521826,266.2411575562701,253.37037037037038,1.0507983122374587,69.75,0.4330127018922193,67.92604166666666,3.7679775961290636,67.89496248660235,69.0,0.9839849635725211,220.25,8.407585860400118,230.61041666666668,24.43128748469311,230.82743837084672,223.11111111111111,1.0345851321397856,104.0,4.301162633521313,106.78854166666666,14.49885318591085,106.66773847802787,110.96296296296296,0.961291368125553
-28.801278,31.955389,179.25,3.6314597615834874,187.35520833333334,41.43956284405758,179.85849056603774,202.070987654321,0.8900757731418093,56.25,0.4330127018922193,55.65416666666667,10.377318181442106,55.84591194968554,55.27777777777778,1.0102778041130867,231.75,6.219927652312364,229.20416666666668,66.58165399947312,206.08805031446542,274.58024691358025,0.7505567229650474,375.75,9.03811374126261,361.02708333333334,120.98964873007273,311.7012578616352,457.85185185185185,0.6807906457096192
-29.140556,31.391944,123.0,123.0,213.6375,101.17226362537973,220.01666666666668,117.95,1.8653384202329812,30.5,30.5,48.28854166666667,22.50428371162397,49.61333333333334,28.416666666666668,1.7459237536595453,64.5,64.5,113.94791666666667,58.125881676407474,116.7611111111111,71.75,1.627332559037608,135.0,135.0,175.11979166666666,90.00001865716435,178.70777777777778,121.3,1.4732710451577118
-27.169444,29.233889,282.0,7.54983443527075,263.58020833333336,17.287454023749824,262.7726737338045,269.7567567567568,0.9741097012470856,63.25,0.4330127018922193,63.14479166666667,2.4041790781742023,63.073027090694936,63.693693693693696,0.9902554465425949,175.25,3.897114317029974,180.77604166666666,10.440947482465239,181.5123674911661,175.14414414414415,1.0363598987453286,127.5,4.716990566028302,126.98020833333334,10.580870315019643,126.43698468786808,131.13513513513513,0.9641732138185392
-27.573056,24.746389,228.5,3.2015621187164243,212.52916666666667,40.93288693262288,206.3365539452496,223.87315634218288,0.9216672392369306,69.5,0.5,67.20520833333333,10.934586467105065,65.64090177133656,70.070796460177,0.9367797297487301,153.0,1.5811388300841898,159.19479166666667,34.37272074198662,152.10789049919484,172.1769911504425,0.8834391255344898,59.25,1.479019945774904,86.68541666666667,34.23139695259878,89.25925925925925,81.97050147492625,1.0889192777044758
-28.69485,28.23487,201.5,1.8027756377319946,209.78854166666667,24.16355024356446,209.85173501577287,203.11111111111111,1.0331868791799923,60.25,0.82915619758885,58.70520833333333,5.216916989301622,58.70347003154574,58.888888888888886,0.9968513778924802,118.75,1.920286436967152,131.2875,17.8169117343607,131.3838065194532,121.11111111111111,1.0848204208019288,169.0,7.14142842854285,163.49791666666667,42.45693891846642,163.42902208201892,170.77777777777777,0.9569688996339032
-34.039722,22.133333,198.0,5.0,212.0375,25.54723260453077,209.3962962962963,226.3,0.9253040048440291,66.5,1.5,65.18020833333334,6.928490693501042,64.65802469135802,68.0,0.9508533042832784,232.0,28.0,214.53229166666668,46.130826178542804,201.70123456790122,283.82,0.7106660368114656,360.0,30.0,287.56458333333336,95.04164655030475,257.28765432098766,451.06,0.5704067182213688
-28.068333,31.55,328.75,9.522998477370455,329.8958333333333,27.369416921792265,331.3579072532699,319.56302521008405,1.0369094078869985,64.0,0.0,63.34166666666667,4.235752261667605,63.18668252080856,64.43697478991596,0.9805966640538014,190.0,3.082207001484488,182.340625,14.928845666785772,181.3293697978597,189.48739495798318,0.9569468715213055,166.0,3.3166247903554,170.634375,21.594382603493013,171.82996432818075,162.18487394957984,1.0594697282404613
-29.7775,29.470833,313.75,4.9180788932265,336.921875,45.028846548455746,337.0968443960827,333.0,1.0123028360239683,56.75,0.4330127018922193,56.348958333333336,6.900037662814884,56.2829162132753,57.829268292682926,0.9732600441755787,142.75,1.920286436967152,147.52291666666667,20.413983560941478,147.51033732317737,147.8048780487805,0.9980072327138911,229.75,12.735285626950029,230.184375,45.00197178116431,229.20674646354735,252.09756097560975,0.9091985879452122
-29.987778,29.851667,409.5,12.579745625409124,404.68541666666664,27.54025454965372,403.6393442622951,409.65269461077844,0.9853208573318545,60.25,0.82915619758885,59.49375,3.467101710482883,59.07566204287516,61.47904191616767,0.9609073303929194,214.25,7.949056547792323,209.99479166666666,21.6141585048612,206.88524590163934,224.76047904191617,0.9204698565487784,232.5,18.145247311624054,262.4770833333333,67.4866768937375,268.65952080706177,233.11976047904193,1.1524528004613308
-29.744167,29.905833,351.0,1.0,353.50625,19.073704698812445,352.79655172413794,360.3666666666667,0.9789932986514848,61.5,0.5,61.369791666666664,2.5202769272305288,61.10919540229885,63.888888888888886,0.9564917541214415,155.5,1.5,162.9625,8.371619342556533,162.50114942528737,167.42222222222222,0.9706068123352223,181.5,2.5,207.19583333333333,37.4610239578715,209.9758620689655,180.32222222222222,1.1644480612604853
-25.436111,31.982222,78.0,135.09996299037243,291.6510416666667,100.67409309126288,297.8637339055794,84.85714285714286,3.510178682384846,16.25,28.145825622994256,59.030208333333334,19.93432247297603,60.30472103004292,16.607142857142858,3.631252018991472,46.75,80.97337525384502,166.509375,56.62947844344005,170.093347639485,47.214285714285715,3.602582249542732,65.75,113.88234059765368,158.98020833333334,67.88369821459295,161.8079399141631,64.85714285714286,2.4948360779678307
-25.67386,31.57527,348.0,5.385164807134504,312.99895833333335,89.22556270812528,308.56658291457285,334.5121951219512,0.9224374698865261,65.5,0.5,59.753125,16.673972064299548,58.836683417085425,64.20121951219512,0.916441834968846,173.25,3.766629793329841,167.98020833333334,47.1208621520935,166.20100502512562,176.6158536585366,0.9410310659107602,143.75,10.473180032826706,137.20729166666666,41.51332302403969,137.05778894472363,137.9329268292683,0.993655337382007
-30.733889,29.828333,274.75,6.53356717268599,273.57916666666665,15.103048234453277,273.65646258503403,272.70512820512823,1.0034885093143164,62.75,1.299038105676658,61.797916666666666,2.0470496638794304,61.75736961451247,62.256410256410255,0.9919841083040023,183.5,3.640054944640259,177.97916666666666,12.030671883657298,177.21428571428572,186.62820512820514,0.9495578955627451,196.5,13.5,206.98645833333333,29.40487530365099,207.45804988662132,201.65384615384616,1.0287830053498912
-30.398056,30.601944,248.25,1.920286436967152,276.96458333333334,13.984246934547063,277.23308270676694,268.3448275862069,1.033122513299055,57.0,0.0,56.97604166666667,0.8554049713033912,57.016111707841034,55.689655172413794,1.023818724163728,135.5,3.2015621187164243,127.7,33.76057858903882,125.60580021482276,194.93103448275863,0.6443601992266038,319.25,10.96300597464035,296.59375,42.471063218825826,294.1686358754028,374.44827586206895,0.7856055290896402
-22.437722,31.078056,187.0,5.0990195135927845,203.315625,16.693354641674283,203.68346111719606,196.17021276595744,1.0382996391001449,67.5,0.8660254037844386,66.84375,1.18258302210317,66.73165388828039,69.02127659574468,0.9668272912283089,164.25,4.968651728587948,167.44270833333334,8.310688960505255,167.53450164293537,165.6595744680851,1.0113179523777562,98.75,1.6393596310755,99.03958333333334,14.38468861300291,98.73713033953997,104.91489361702128,0.9411164319517249
-29.803611,30.516111,352.0,4.415880433163924,365.840625,50.449176319103984,368.51942286348503,324.93220338983053,1.1341425042480269,61.0,0.0,60.161458333333336,2.995130415624205,60.11875693673696,60.813559322033896,0.988574877163224,165.25,10.779030568655049,150.58125,23.614209672091505,149.49833518312985,167.11864406779662,0.8945640746246839,186.25,4.9180788932265,190.96354166666666,20.92127415949127,191.00554938956714,190.32203389830508,1.0035913628977238
-29.641944,30.6875,278.0,6.324555320336759,289.89166666666665,30.010358165510493,290.8694690265487,274.10714285714283,1.061152460291908,60.75,0.4330127018922193,59.865625,2.0965412054242263,59.841814159292035,60.25,0.993225131272908,200.25,13.235841491949047,204.15625,20.02536314953697,204.82522123893804,193.35714285714286,1.0593103425724602,228.25,16.021469970012117,212.44479166666667,27.528301231761418,212.45243362831857,212.32142857142858,1.0006170128831149
-33.980556,21.653333,221.25,10.848386976873567,223.26875,16.66916634900598,223.0471092077088,231.23076923076923,0.9646082567195478,67.75,1.0897247358851685,67.23333333333333,3.6798626182085776,67.19164882226981,68.73076923076923,0.9776065301491177,238.5,15.14100392972672,199.45416666666668,23.922138964542633,198.9453961456103,217.73076923076923,0.9137220102072942,233.25,24.78280654001883,239.13854166666667,52.68066705354629,239.9882226980728,208.6153846153846,1.1503860232571723
-22.769722,30.886944,244.75,9.65336728815391,258.20729166666666,25.681862701751157,258.73269435569756,234.71428571428572,1.102330408088321,70.5,0.5,67.70625,4.932794434952667,67.72736954206603,66.76190476190476,1.014461312682779,255.0,15.0,229.83125,45.997742953006224,230.395101171459,204.61904761904762,1.1259709389337387,100.0,2.9154759474226504,115.140625,21.03147481615848,115.01490947816826,120.76190476190476,0.9524105280124343
-23.763056,27.908611,166.25,4.548351349665063,163.59583333333333,10.329023798931287,162.56649616368287,168.11797752808988,0.9669786572136455,64.0,0.0,63.33645833333333,0.9705689688342034,63.09079283887468,64.41573033707866,0.9794314604310359,146.0,12.328828005937952,125.271875,13.515501926221916,125.6918158567775,123.42696629213484,1.0183497142689242,126.5,10.012492197250394,98.4625,24.39178161628762,103.96803069053709,74.2752808988764,1.3997662402912554
-23.235722,27.717,140.25,1.299038105676658,143.57083333333333,11.523399352573392,146.0783505154639,141.01052631578946,1.0359393325589155,65.75,0.82915619758885,64.775,3.9408913966258954,64.10927835051547,65.45473684210526,0.9794444442587348,83.25,2.48746859276655,78.03229166666667,7.895278056002665,77.7340206185567,78.33684210526316,0.9923047512434102,45.5,3.5,51.934375,26.555148308618204,44.725773195876286,59.294736842105266,0.75429583767106
-28.445556,32.325,185.0,1.224744871391589,195.91979166666667,14.139293061887168,190.6320754716981,200.10261194029852,0.9526715999513228,57.0,0.0,55.65416666666667,1.1452725900655947,56.04481132075472,55.34514925373134,1.0126417956470672,266.5,12.439855304624729,240.60729166666667,43.14311152236933,201.65801886792454,271.4179104477612,0.7429797780668664,481.75,32.575872973720905,470.40416666666664,124.18264934887465,353.49764150943395,562.8824626865671,0.6280132442253954
-30.336111,27.359444,220.0,3.082207001484488,225.06770833333334,19.3009228772857,225.04105263157894,227.6,0.9887568217551849,68.0,0.0,65.14791666666666,4.909705082085436,65.13578947368421,66.3,0.9824402635533329,185.25,1.299038105676658,171.690625,16.657615739035855,171.59578947368422,180.7,0.9496169865721599,139.75,9.390819985496474,139.371875,20.283106697883053,139.25157894736842,150.8,0.9234189585363135
-22.91028,29.61111,196.0,4.0,189.27604166666666,23.333404366521343,192.22337962962962,162.75,1.1810960345899326,67.25,1.0897247358851685,67.05416666666666,1.9804206553715353,66.97569444444444,67.76041666666667,0.9884191647436091,169.5,3.2015621187164243,168.390625,20.598506105444677,170.51041666666666,149.3125,1.1419701409229133,91.25,2.8613807855648994,105.80520833333334,44.43746277492971,110.37037037037037,64.71875,1.7053847667051638
-24.183889,30.823889,238.5,1.5,225.73541666666668,17.39105360982256,225.54574468085107,234.65,0.9612007018144255,67.5,1.118033988749895,66.271875,1.2382954619321134,66.2404255319149,67.75,0.9777184580342011,212.5,2.5,205.68958333333333,9.67414379465812,205.66702127659573,206.75,0.99476189251026,101.0,11.113055385446435,101.20208333333333,9.803634308751128,101.14893617021276,103.7,0.9753995773395875
-23.658056,31.05,234.5,6.103277807866851,230.715625,11.62483716843846,230.52386363636364,232.825,0.9901164550038212,67.5,0.5,68.25625,1.0522607111199518,68.19318181818181,68.95,0.9890236666872068,190.25,4.264680527307995,221.38020833333334,21.752974508250524,221.64772727272728,218.4375,1.014696319416885,102.0,3.5355339059327378,94.6125,6.841650172533914,93.83522727272727,103.1625,0.9095865966086156
-22.225556,29.990556,0.0,0.0,133.15520833333332,41.340580773697376,136.80216216216218,36.77142857142857,3.720338520328403,0.0,0.0,64.25208333333333,19.402936736305037,66.07243243243244,16.142857142857142,4.092982540036832,0.0,0.0,94.07291666666667,29.510924810309184,96.67567567567568,25.285714285714285,3.8233318063675337,0.0,0.0,63.567708333333336,37.64977864806464,64.6172972972973,35.82857142857143,1.803513082455417
-26.03611,30.99778,277.5,9.205976319760984,327.55104166666666,34.68548416001902,328.9271739130435,295.9,1.111615998353945,56.0,0.0,55.49166666666667,1.5179253019243806,55.43804347826087,56.725,0.9773123574819417,146.75,1.6393596310755,145.109375,7.185743671282395,145.34673913043477,139.65,1.040792976228648,233.5,6.5,230.81354166666668,19.209904779130582,231.7804347826087,208.575,1.1112570288025774
-28.404444,30.013056,247.5,6.422616289332565,259.2760416666667,23.9452902675717,257.2768850432633,269.9867549668874,0.9529240983496461,61.5,0.5,59.853125,1.2358746164997214,59.683559950556244,60.76158940397351,0.9822580438712981,139.5,11.926860441876563,127.20416666666667,14.361406011908754,125.42892459826948,136.71523178807948,0.91744660019012,110.25,4.322904116447646,135.41666666666666,20.219352665756197,133.39431396786156,146.25165562913907,0.9120875479593066
-29.380556,30.2775,408.0,9.246621004453464,412.39479166666666,30.546095187545614,413.37470725995314,404.5,1.021939943782079,58.0,0.0,58.06875,1.6719071258595675,57.9344262295082,59.15094339622642,0.9794336810713695,167.0,0.7071067811865476,173.26979166666666,17.661549690120548,172.05854800936768,183.02830188679246,0.9400652589548482,201.75,5.629165124598851,269.45520833333336,82.35173592811061,264.3325526932084,310.72641509433964,0.8506922483975794
-31.031389,28.883333,307.5,5.937171043518958,322.26979166666666,33.76158942926015,324.83663943990666,300.9126213592233,1.0795048674678733,65.0,0.0,64.42708333333333,1.714793425767534,64.2730455075846,65.70873786407768,0.978150663012875,189.0,4.415880433163924,176.059375,10.611492179521298,174.4060676779463,189.81553398058253,0.9188187290071611,151.0,2.1213203435596424,165.26041666666666,18.07348702270047,166.08634772462077,158.38834951456312,1.0486020482790939
-28.747778,31.745833,234.0,4.183300132670378,239.93333333333334,20.85909407322273,240.20716685330348,236.28358208955223,1.0166054057965084,61.25,0.4330127018922193,60.66354166666667,4.488912725437779,60.671892497200446,60.55223880597015,1.0019760407458014,153.75,4.866980583482946,156.80833333333334,20.729074120396426,157.08510638297872,153.11940298507463,1.025899417843133,186.0,3.5355339059327378,182.88020833333334,23.765942542987798,182.5879059350504,186.77611940298507,0.9775762903661361
-24.282222,28.090278,134.0,4.0,133.08645833333333,18.774257196755627,131.63689776733256,144.40366972477065,0.9115896986422689,64.0,0.7071067811865476,62.39791666666667,7.368428981792673,62.16568742655699,64.21100917431193,0.9681468680503157,188.5,2.692582403567252,174.41979166666667,22.31581613915559,173.9189189189189,178.3302752293578,0.9752629983615357,95.5,10.805091392487155,80.14791666666666,12.912889064537634,79.42538190364277,85.78899082568807,0.9258225459829933
-30.27402,30.69602,258.5,2.179449471770337,244.17291666666668,61.4024403681134,244.0616365568544,249.68421052631578,0.9774812593967911,56.75,0.4330127018922193,54.545833333333334,13.487416331735131,54.47927736450585,57.8421052631579,0.9418619380562525,102.0,14.713938969562161,104.41770833333334,37.09432653944442,103.16046758767268,166.68421052631578,0.6188976584037276,294.5,13.313526955694348,250.46458333333334,77.66859883929749,248.14346439957492,365.42105263157896,0.6790617634438475
-28.338333,31.373611,298.5,7.123903424387503,300.90625,21.30878052832134,301.8054644808743,282.6222222222222,1.067875916153054,62.0,0.0,60.25208333333333,1.0393286261118548,60.26120218579235,60.06666666666667,1.0032386601391567,177.25,2.165063509461097,166.61979166666666,12.18863131323327,166.15191256830602,176.13333333333333,0.9433303135969627,175.75,5.931905258852336,180.49270833333333,18.65749260122942,180.86448087431694,172.93333333333334,1.0458624568670722
-28.735556,29.820556,331.0,3.0,319.07916666666665,40.71383854791336,318.6847826086956,328.15,0.9711558208398554,64.0,1.0,62.610416666666666,7.694715166466889,62.551086956521736,63.975,0.9777426644224143,151.5,2.5,149.12708333333333,22.179159132536764,148.45217391304348,164.65,0.9016226778800688,157.5,2.5,135.43541666666667,27.00748345045108,135.34021739130435,137.625,0.9833984914892354
-27.602222,29.942778,277.75,9.093266739736606,263.09479166666665,18.40205983596938,263.41773628938154,260.40776699029124,1.0115586771231035,60.5,0.5,61.1625,2.1278534763151966,61.192532088681446,60.9126213592233,1.0045952829333507,160.5,2.179449471770337,157.96770833333332,10.297653401702604,157.08634772462077,165.3009708737864,0.9503050520161019,128.5,4.55521678957215,122.66666666666667,12.504388118665473,122.04784130688448,127.81553398058253,0.9548748693201113
-28.116667,26.725278,213.5,11.5,204.81979166666667,15.241863401716905,205.10706401766004,200.0,1.0255353200877875,69.0,0.0,69.565625,0.7415254722810719,69.56512141280353,69.57407407407408,0.9998713218754303,195.5,2.8722813232690143,205.30104166666666,12.725220977056964,205.53200883002208,201.42592592592592,1.0203850764747342,83.75,1.6393596310755,81.51041666666667,7.672590272721173,81.40728476821192,83.24074074074075,0.9779740550563208
-26.905,32.324722,347.5,4.330127018922194,296.1333333333333,113.8475631662307,330.09760956175296,258.9061135371179,1.274970316659986,65.0,0.0,56.18125,21.469951446246142,63.47011952191235,48.19213973799127,1.317022233643328,136.5,2.29128784747792,123.84583333333333,48.8370503064926,142.6613545816733,103.22270742358079,1.382073364885842,167.25,15.270478054075452,151.490625,67.37924318445091,168.70119521912352,132.62663755458516,1.2720008463576102
-28.75,30.442778,89.5,155.0185472774145,312.5,55.529984392818506,312.5079365079365,312.0,1.0016280016276806,16.75,29.011851026778693,64.68541666666667,10.938321199330463,64.71322751322751,62.93333333333333,1.0282822168399048,47.75,82.70542606141389,180.38125,34.44836810509558,180.54285714285714,170.2,1.060768843376916,35.0,60.6217782649107,162.596875,38.186862250880324,162.6201058201058,161.13333333333333,1.0092269703351566
-29.161667,30.629722,346.0,4.242640687119285,334.340625,16.60796795545364,332.55624227441285,343.9006622516556,0.9670125090685695,58.25,0.4330127018922193,57.61354166666667,1.428731940077362,57.35105067985167,59.019867549668874,0.9717244897489821,167.25,3.766629793329841,159.57083333333333,10.756741264848237,158.01730531520394,167.89403973509934,0.9411728109254333,194.0,1.4142135623730951,241.409375,54.53647590169392,248.3708281829419,204.11258278145695,1.2168325185946547
-34.075556,20.145556,247.25,1.299038105676658,239.653125,16.878471575778864,239.80381471389646,239.1637168141593,1.0026764005350122,71.75,1.6393596310755,71.003125,3.8792974322302656,71.00272479564033,71.00442477876106,0.9999760580664371,189.25,1.7853571071357126,185.57395833333334,16.40752967892883,181.58446866485014,198.53097345132744,0.9146404992028943,202.5,12.093386622447824,201.40104166666666,38.452874282446004,197.9891008174387,212.48230088495575,0.9317910244418086
-27.5275,30.858056,343.0,5.244044240850758,373.3385416666667,23.44068253855386,374.7401847575058,360.4255319148936,1.0397159789609143,56.25,0.4330127018922193,54.87708333333333,0.9903155186044944,54.74364896073903,56.1063829787234,0.9757116045317211,130.25,2.7726341266023544,127.725,8.252613222488984,127.88452655889145,126.25531914893617,1.012904069474745,172.0,5.431390245600108,195.121875,26.007025105107818,196.78637413394918,179.7872340425532,1.0945514300935464
-25.398889,31.610556,172.25,173.1911877088439,290.1791666666667,78.56490935932459,292.73460721868366,156.44444444444446,1.8711729154591399,33.5,33.5,61.90625,15.998618511322574,62.459660297239914,32.94444444444444,1.895908744261224,93.0,93.01075206662937,179.7375,47.587899481731,181.1815286624204,104.16666666666667,1.7393426751575658,133.0,133.12024639400275,127.22916666666667,49.89839241871648,127.39065817409767,118.77777777777777,1.0725125571243346
-25.362222,31.956667,232.5,134.28049001995785,320.6645833333333,70.637307156533,329.45116279069765,245.1,1.3441499909855703,50.25,29.011851026778693,63.84166666666667,13.50917640799106,65.6453488372093,48.33,1.3582733051329086,125.5,72.56204241888454,178.14583333333334,39.32765120504345,183.84418604651162,129.14,1.4236037327425222,156.0,103.33198923857026,142.89791666666667,50.26786576922732,141.72790697674418,152.96,0.9265684295021674
-24.034167,31.123611,231.0,6.284902544988268,189.46041666666667,86.25005130332613,187.1534828807556,206.75221238938053,0.9052066757486262,66.75,0.82915619758885,55.746875,24.959957319695913,55.37662337662338,58.52212389380531,0.9462510874864282,200.0,1.8708286933869707,173.9875,78.43327744278359,173.02951593860683,181.16814159292036,0.9550769490548935,113.0,3.082207001484488,96.95,60.57845807985982,97.16528925619835,95.33628318584071,1.0191847847339548
-24.99328,30.81444,334.75,3.031088913245535,335.32604166666664,13.76457367658962,335.4586636466591,333.8051948051948,1.0049533945759255,55.5,0.5,54.32604166666667,0.7859104051547832,54.30124575311438,54.61038961038961,0.9943391017793461,118.5,1.8027756377319946,127.671875,9.4261184473979,127.599093997735,128.5064935064935,0.9929388820432491,169.75,3.832427429188973,233.05833333333334,38.48393514037889,231.69762174405437,248.66233766233765,0.931776094128846
-25.149444,31.940556,250.25,144.64158288680335,310.73229166666664,92.34646153073903,323.25454545454545,172.9875,1.8686584027999629,50.75,29.303370113350443,62.93333333333333,18.336658789309343,65.56477272727273,33.9875,1.9290848908298586,166.0,95.84362263604189,200.57708333333332,59.575602317501215,209.02727272727273,107.625,1.9421813958381278,92.0,53.19304465811296,115.68541666666667,42.576609822683814,118.18636363636364,88.175,1.3403613681455016
-27.937778,31.209444,296.0,6.041522986797286,301.38125,15.93451646910463,298.6502115655853,309.0956175298805,0.9662065543087747,63.0,0.0,61.81458333333333,1.0949675762576514,61.61918194640339,62.366533864541836,0.9880167796424204,173.75,2.277608394786075,171.35729166666667,9.314104948853856,170.74330042313116,173.09163346613545,0.9864330066330886,150.75,5.584576975922169,161.50520833333334,17.981529121293622,163.8194640338505,154.96812749003985,1.0571171420024665
-31.000833,26.353056,214.75,3.2691742076555053,212.95520833333333,45.13880299003579,212.42077087794434,232.15384615384616,0.9150000070947936,69.25,0.4330127018922193,68.07395833333334,14.11742971760785,68.02248394004283,69.92307692307692,0.9728188022214436,186.75,4.380353866983808,182.46770833333332,38.08968308148893,182.31049250535332,188.1153846153846,0.9691418534321544,153.0,4.47213595499958,123.19166666666666,41.217218455667556,122.72912205567452,139.80769230769232,0.8778424136025461
-25.447222,30.711667,294.0,3.391164991562634,316.4604166666667,21.66271989293409,320.1997549019608,295.2708333333333,1.08442730792979,60.5,0.5,58.07604166666667,1.5637325000131008,57.81372549019608,59.5625,0.9706396724465731,158.0,3.6742346141747673,139.19791666666666,13.144247626232634,137.1936274509804,150.55555555555554,0.9112491860206668,186.75,4.602988159880492,198.35104166666667,21.903593192630836,201.76470588235293,179.00694444444446,1.1271333998154398
-27.902778,24.615556,274.25,1.299038105676658,259.62916666666666,19.021697680251595,259.4409871244635,265.89285714285717,0.975735075820315,74.0,0.7071067811865476,74.10833333333333,2.8698746585095933,74.13948497854078,73.07142857142857,1.0146166077205772,206.5,1.6583123951777,206.74583333333334,20.3489348444963,207.1824034334764,192.21428571428572,1.077872035699428,61.0,6.041522986797286,50.94166666666667,5.641617429622663,50.66523605150215,60.142857142857146,0.8424148512112241
-31.5653,18.3306,67.0,67.0,111.8,38.28363989138616,114.534127843987,43.5945945945946,2.627255257419589,38.0,38.0,67.88229166666666,22.774018890282203,69.62946912242687,24.2972972972973,2.865728985004662,93.5,93.5,141.91666666666666,48.171712538468974,145.36186348862404,55.972972972972975,2.597000941124809,136.5,136.5,154.73125,57.000645669771444,157.81798483206933,77.72972972972973,2.0303426421345803
-30.135739,30.674222,295.75,5.018714974971183,268.95520833333336,17.730008517762492,268.9732905982906,268.25,1.0026963302821634,58.75,0.4330127018922193,58.848958333333336,0.8927362889438416,58.86645299145299,58.166666666666664,1.0120307104530393,152.25,2.277608394786075,144.88541666666666,17.32566123778221,144.80128205128204,148.16666666666666,0.9772864930338651,223.0,11.554220008291344,235.56875,33.203216813598544,234.06944444444446,294.0416666666667,0.7960417552309418
-24.768889,31.39,260.0,0.7071067811865476,252.43020833333333,20.184341186257825,251.09169363538297,290.030303030303,0.865742962069249,66.0,0.0,65.33333333333333,1.04847773250344,65.29773462783172,66.33333333333333,0.9843879592120595,177.25,2.7726341266023544,177.56666666666666,10.811824802296584,177.3915857605178,182.4848484848485,0.9720893939046629,116.75,5.973901572674261,109.45416666666667,6.49470804878009,109.36353829557713,112.0,0.9764601633524954
-22.548889,28.898056,190.75,11.986972094736853,169.59479166666668,16.48267316122996,168.68166849615807,186.57142857142858,0.9041130776971467,66.75,0.82915619758885,67.47395833333333,1.1838095982591776,67.42480790340285,68.38775510204081,0.9859193038680718,102.0,1.8708286933869707,104.403125,12.218027605456959,103.38090010976948,123.40816326530613,0.8377152481188357,53.75,2.8613807855648994,54.91770833333333,8.121120802056648,54.07135016465423,70.65306122448979,0.7653079601572234
-22.935,28.004167,199.5,13.97318861248212,208.95625,34.46254250541448,200.2503748125937,228.77474402730377,0.8753167910379422,69.0,0.0,66.52395833333334,1.5881884853286639,65.9880059970015,67.74402730375427,0.974078581142269,145.25,19.122957407263137,128.328125,31.741265869280877,116.49025487256372,155.2764505119454,0.7502119895735712,57.75,5.402545696243577,48.484375,7.120668685316125,48.58470764617691,48.255972696245735,1.0068123163095222
-31.860278,18.6875,126.5,3.570714214271425,137.23541666666668,11.766778615791814,137.5438972162741,126.15384615384616,1.0902869901281378,74.75,0.4330127018922193,72.8625,1.414894725176871,72.82655246252676,74.15384615384616,0.9821008112153227,143.0,2.449489742783178,153.06041666666667,10.418957873017927,152.62633832976445,168.65384615384616,0.9049680265841558,183.25,12.04937757728589,164.6125,36.769720474189086,164.203426124197,179.30769230769232,0.9157634232575592
-29.161667,23.696389,79.0,79.05061669588669,151.31770833333334,34.117781577181475,153.07112068965517,100.46875,1.5235694749810544,37.5,37.5066660741794,70.815625,15.805667681543067,71.66379310344827,46.21875,1.5505350772855868,102.25,102.32393415032477,188.640625,54.89280287927288,191.09590517241378,117.4375,1.6272136683108127,62.75,74.38875923148605,73.371875,34.29015651735021,72.85237068965517,88.4375,0.8237723894227312
-24.9675,31.516667,302.0,2.9154759474226504,278.19166666666666,40.968010047135834,280.7,253.94444444444446,1.1053598774880793,66.0,0.0,65.109375,9.027591711490668,65.88850574712643,57.577777777777776,1.1443391580916789,185.5,2.598076211353316,170.90104166666666,24.949398768606244,172.1574712643678,158.75555555555556,1.084418561994915,277.75,15.368392889303683,125.17708333333333,50.673915625560156,123.1,145.25555555555556,0.8474718886248277
-29.042222,24.6,218.5,5.123475382979799,223.378125,23.517053666457493,224.11950394588501,214.36986301369862,1.0454804644413047,72.0,0.7071067811865476,77.065625,7.722050787153307,77.38895152198421,73.13698630136986,1.0581370033896091,203.75,2.7726341266023544,237.696875,38.598315898940136,239.6674182638106,213.75342465753425,1.121233115435144,94.75,18.38987493160299,72.48541666666667,13.446026203295984,71.65276211950395,82.6027397260274,0.8674380820426958
-28.376944,24.303056,181.0,104.59684507670391,232.44895833333334,59.37988136915508,240.07700770077008,96.49019607843137,2.488097417745699,55.0,31.756889016400834,70.71354166666667,17.312333752460912,72.96809680968097,30.529411764705884,2.3900918030067695,151.0,87.18084652032235,196.24270833333333,53.139796458632865,203.23982398239824,71.52941176470588,2.8413462234341607,52.5,30.40970239906994,58.11770833333333,30.530921807487744,58.354235423542356,53.90196078431372,1.0825994931230043
-29.028629,24.638389,209.0,1.224744871391589,220.79166666666666,11.58709471303695,220.81012658227849,219.33333333333334,1.0067330999187438,72.5,0.8660254037844386,75.071875,4.613165108437843,75.11603375527426,71.58333333333333,1.0493508790012014,184.75,7.8859051477937525,216.37916666666666,30.30212422651074,216.6909282700422,191.75,1.1300700300908955,98.25,8.37779804005802,82.909375,23.071833378444556,82.65400843881856,103.08333333333333,0.8018173817824257
-24.670833,28.560833,131.75,5.3091901453988255,138.20104166666667,9.73076087714953,138.63939899833056,137.47368421052633,1.0084795486088685,61.25,0.4330127018922193,61.23645833333333,1.1102383182289688,60.75292153589316,62.038781163434905,0.9792732931961992,135.5,6.576473218982953,152.234375,19.279367901793574,143.53255425709517,166.67313019390582,0.8611619286805543,103.0,5.830951894845301,111.88958333333333,26.88130344359047,117.57929883138564,102.44875346260388,1.1476889162364479
-28.1175,26.719444,212.75,9.41740410091868,204.221875,15.39269782995739,204.33227513227513,197.26666666666668,1.0358175488281762,69.5,0.5,69.528125,0.7382698136239442,69.53121693121693,69.33333333333333,1.002854090352644,200.25,4.322904116447646,204.67604166666666,12.811463330351087,204.68253968253967,204.26666666666668,1.0020359318657284,82.0,1.224744871391589,81.16458333333334,6.924894390991742,81.11534391534391,84.26666666666667,0.9626029736777807
-29.033333,23.983333,120.75,69.71863093893913,160.91354166666667,27.810853396170064,161.09458023379383,151.94736842105263,1.0601998699134287,53.75,31.03526220285564,71.56041666666667,11.776145372166091,71.73645058448459,62.8421052631579,1.1415348082940018,135.5,78.41396559287128,170.01145833333334,34.59201006552328,170.67162592986185,137.31578947368422,1.2429133356324313,85.0,50.14479035752368,78.315625,31.79284126748308,77.79277364505845,104.21052631578948,0.7464963127548949
-34.405833,19.600556,185.5,14.585952145814822,185.771875,15.038736116588222,185.7093389296957,194.28571428571428,0.9558568915494124,64.25,1.0897247358851685,64.24375,1.5134681818591365,64.25393494228751,62.857142857142854,1.0222216922620389,214.25,3.112474899497183,210.21458333333334,9.705228178309646,210.20671563483737,211.28571428571428,0.9948931774463592,378.75,19.30511590226798,288.6875,40.86092074036022,288.398740818468,328.0,0.8792644537145735
-28.96362,19.15486,69.5,0.5,69.921875,10.70558365921144,69.9390756302521,67.875,1.0304099540353453,76.5,3.5,81.4375,8.04027945720794,81.50525210084034,73.375,1.1108041172160716,165.5,5.5,149.159375,17.579184412519684,149.2468487394958,138.75,1.0756529638874828,109.5,10.5,86.85,17.640164870733685,86.98844537815125,70.375,1.2360702718014585
-34.005833,22.351111,196.75,0.82915619758885,215.35,15.07717645980175,214.94525139664805,220.92307692307693,0.9729415975470612,65.25,0.4330127018922193,65.21458333333334,3.159607674968875,65.14189944134078,66.21538461538462,0.9837879794797295,204.25,3.112474899497183,213.978125,16.110960962991676,214.1463687150838,211.66153846153847,1.011739639953036,225.25,8.37779804005802,295.25208333333336,54.575626006423924,291.8972067039106,341.44615384615383,0.8548850336013624
-34.02861,22.22222,231.75,11.053845484717073,193.78229166666668,73.03250916371603,207.73569794050343,51.97674418604651,3.9967047030981933,64.75,0.4330127018922193,57.35520833333333,21.403316379475648,61.4908466819222,15.325581395348838,4.012301073301065,263.25,4.02336923485777,202.92395833333333,79.51772240197946,216.5800915331808,64.13953488372093,3.3767019347035006,370.75,7.8859051477937525,271.29375,122.23847577967217,287.9187643020595,102.33720930232558,2.8134318520569166
-27.935,26.126667,186.0,2.0,183.87708333333333,9.342415363619244,181.42274052478135,190.02189781021897,0.9547464929851329,71.0,0.0,70.62708333333333,1.1358256144271834,70.3935860058309,71.21167883211679,0.9885118166036583,191.5,7.5,182.7875,14.641075566706155,178.60495626822157,193.25912408759123,0.9241734749205407,81.0,3.0,81.434375,15.547034337541945,83.90962099125365,75.23722627737226,1.1152673369669144
-27.4,26.624722,209.0,7.7781745930520225,177.99791666666667,68.18339237424112,177.6571729957806,204.91666666666666,0.8669727840375466,65.25,0.4330127018922193,58.114583333333336,22.086982304660566,58.01371308016878,66.08333333333333,0.8778872092824361,139.0,4.242640687119285,114.51041666666667,45.63021540777253,114.27215189873418,133.33333333333334,0.8570411392398636,92.25,3.418698582794336,72.04166666666667,28.41310461545674,71.7710970464135,93.41666666666667,0.7682900665085103
-29.615556,27.065278,182.5,106.00589606243608,243.459375,25.450573332298596,243.59004237288136,235.75,1.0332557470743502,51.25,29.600464523382062,66.99583333333334,6.395798045505259,67.02542372881356,65.25,1.0272095590607027,176.25,102.31660422433887,225.72604166666667,26.010874107411254,225.69385593220338,227.625,0.9915161161212707,100.75,58.36683561749771,119.32083333333334,19.730929171537316,119.46398305084746,110.875,1.0774654615624777
-23.838611,31.640833,107.5,107.5,222.090625,63.52383997715116,225.5552016985138,40.77777777777778,5.531326472157073,34.5,34.5,64.06458333333333,16.016332674067087,65.06369426751593,11.777777777777779,5.524275928327089,108.0,108.0,190.51979166666666,49.74811160526529,193.46815286624204,36.22222222222222,5.341145324513409,116.0,116.0,97.89791666666666,30.678881101821855,99.1900212314225,30.27777777777778,3.276000701210474
-28.768056,20.720556,142.75,4.9180788932265,116.365625,28.825637200694135,115.47204301075269,144.06666666666666,0.8015181143730162,78.25,0.82915619758885,78.60729166666667,10.950787117749295,78.59462365591398,79.0,0.9948686538710695,109.25,6.94172168845741,110.3875,23.568823201070806,110.25806451612904,114.4,0.9637942702450407,86.25,3.897114317029974,68.04479166666667,19.92357988347636,67.7483870967742,77.23333333333333,0.8771910284422072
-31.436944,20.474722,187.25,1.0897247358851685,184.24375,14.272313031559857,183.75205640423033,188.08256880733944,0.9769754718331037,79.5,0.5,79.675,3.6904437402567187,79.80611045828437,78.65137614678899,1.0146816796852836,152.5,2.0615528128088303,140.65,10.026548093270518,139.1186839012926,152.60550458715596,0.9116229737423925,75.0,5.0990195135927845,58.51145833333333,9.173891506512593,56.90129259694477,71.08256880733946,0.800495727033848
-28.7115,24.072889,99.75,99.85583358021704,195.46979166666668,41.249256608936975,198.5,121.94736842105263,1.6277514026745392,36.5,36.5,71.55416666666666,14.393545404296871,72.65401301518438,44.86842105263158,1.6192683252614972,86.5,86.5115599212036,178.8,43.51302008211641,181.81887201735358,105.55263157894737,1.7225422928578635,84.5,85.35074692116056,56.11770833333333,27.664728200633576,56.76138828633405,40.5,1.4015157601529358
-29.1825,23.575556,158.0,0.0,143.78541666666666,30.82571633111531,145.45842217484008,72.45454545454545,2.0075817364128388,72.0,0.0,70.35625,14.520895952758332,71.22174840085287,33.45454545454545,2.1289109576278253,168.0,0.0,161.90208333333334,34.604834618779144,163.9136460554371,76.13636363636364,2.1528956496805254,209.0,0.0,62.22291666666667,38.48604043234017,61.75159914712154,82.31818181818181,0.7501574716924482
-31.394444,20.947222,200.75,3.897114317029974,197.221875,9.701253174257523,196.46125461254613,201.42857142857142,0.9753395619057733,79.0,0.0,79.471875,0.6065962284543155,79.45879458794587,79.54421768707483,0.9989260929114306,165.5,0.5,158.67916666666667,6.770123039666431,158.8118081180812,157.94557823129253,1.0054843566777136,83.0,14.474114826130128,62.67604166666667,16.60692152883642,61.07380073800738,71.5374149659864,0.8537322849443262
-29.651389,22.746389,159.25,8.613216588476108,151.81666666666666,48.644648272503275,159.9094827586207,144.2459677419355,1.1085889280773333,79.25,0.4330127018922193,71.53229166666667,21.598104637095602,78.13362068965517,65.35685483870968,1.1954923608603407,144.75,1.920286436967152,151.9125,47.74104028069909,165.87715517241378,138.84879032258064,1.194660427267101,75.5,8.558621384311845,68.77083333333333,39.045293988378276,63.13146551724138,74.04637096774194,0.8525936476300661
-29.758889,30.935278,251.0,9.354143466934854,105.53854166666666,123.92028088468783,105.73508353221958,105.38632162661737,1.00330936596058,59.25,0.4330127018922193,24.907291666666666,29.099519414672997,23.83532219570406,25.737523105360445,0.9260923088067936,140.0,3.3166247903554,62.346875,73.84634589967452,57.5417661097852,66.06839186691312,0.8709424353117163,271.75,9.364160400164021,112.94583333333334,134.50516247579083,102.40811455847255,121.10720887245841,0.8455988335610723
-33.722667,18.616917,130.0,5.0,136.69791666666666,10.773249849808037,136.59615384615384,140.66666666666666,0.9710627050667542,62.5,0.5,63.126041666666666,0.7343853427167661,63.12820512820513,63.041666666666664,1.001372718489438,192.5,4.5,189.359375,5.787469908579079,189.48076923076923,184.625,1.026300713503949,305.0,23.0,287.4114583333333,24.35108814214669,286.5715811965812,320.1666666666667,0.8950700089427122
-33.970833,22.548333,224.25,2.165063509461097,186.64166666666668,58.02449853773452,201.70190023752969,79.17796610169492,2.547449879909926,59.25,0.82915619758885,55.958333333333336,17.031598492866788,60.1187648456057,26.271186440677965,2.2883916941143454,202.75,8.227241335952167,174.39375,53.51805733523499,187.24109263657957,82.72033898305085,2.2635435847853373,492.75,24.055924426219832,358.60729166666664,136.77283077606555,382.1377672209026,190.70338983050848,2.0038331125646742
-33.870833,20.003333,223.75,3.2691742076555053,222.98958333333334,21.89144372031507,223.18426966292134,220.5142857142857,1.0121079862916176,72.5,0.5,71.971875,4.861866992323182,72.17640449438203,69.37142857142857,1.0404341669274009,210.25,6.796138609534093,191.41770833333334,19.406976273536205,191.08539325842696,195.64285714285714,0.9767051864244652,216.0,8.154753215150045,205.43541666666667,28.570818369910036,205.22247191011235,208.14285714285714,0.9859693228346578
-33.464444,18.740556,57.5,57.5,107.384375,35.25170157868565,108.12396694214875,101.84070796460178,1.061696929479563,32.75,32.751908341347075,57.08541666666667,18.517474737655842,57.497048406139314,54.0,1.0647601556672748,90.25,90.33375614907199,157.403125,51.616706261000175,158.04368358913814,152.60176991150442,1.035660881788501,128.75,128.7737842109177,216.871875,73.88186826945008,218.086186540732,207.76991150442478,1.0496524013583293
-33.088833,19.218783,142.75,0.4330127018922193,154.96666666666667,12.775584352801854,155.89269911504425,140.01785714285714,1.1133772669858748,67.75,0.4330127018922193,67.77916666666667,0.9774452954286269,67.78871681415929,67.625,1.0024209510396902,157.5,3.2015621187164243,157.74166666666667,8.872354848379068,157.76216814159292,157.41071428571428,1.0022327187661477,208.0,16.777961735562517,242.78333333333333,47.682925548763144,245.47676991150442,199.30357142857142,1.2316727098859737
-32.94583,18.33667,47.25,47.314770421085214,76.10729166666667,36.175756571193695,89.60244648318043,47.26470588235294,1.8957580463109451,34.5,34.50724561595724,57.579166666666666,26.443098960577387,69.16819571865443,32.810457516339866,2.108114331657744,77.0,77.05193054038295,125.14583333333333,58.2309302058527,148.38990825688074,75.4673202614379,1.9662803415123777,116.0,119.07140714714008,151.790625,79.29305425934886,169.5886850152905,113.7516339869281,1.4908681226911422
-32.601389,18.750556,79.75,1.0897247358851685,97.0375,15.506069040325254,97.24683544303798,80.5,1.208035222893381,69.5,0.5,69.04375,1.084052245435308,69.0295358649789,70.16666666666667,0.9837938603070857,148.5,3.0413812651491097,143.834375,7.022928640724491,143.83966244725738,143.41666666666666,1.0029494185740182,173.25,11.60549438843516,181.77083333333334,37.32330013060058,181.77320675105486,181.58333333333334,1.001045654433895
-28.308889,31.9025,281.25,9.202581159652981,295.0375,14.29490913169207,295.15228966986155,289.9047619047619,1.0181008677833367,65.25,0.82915619758885,63.01875,1.0245235172996274,63.00212992545261,63.76190476190476,0.9880841885230992,209.0,6.363961030678928,199.32916666666668,22.61558237083941,198.8402555910543,221.1904761904762,0.8989548691948875,195.75,4.763139720814412,202.29375,23.654438503957348,202.4877529286475,193.61904761904762,1.0458049216673393
-24.958611,29.395278,161.75,3.344772040064913,161.28333333333333,12.483110812435958,161.27292340884574,161.57575757575756,0.9981257450278725,66.0,0.0,65.37708333333333,3.097293145052449,65.33333333333333,66.60606060606061,0.9808917197437501,170.0,3.5355339059327378,170.29270833333334,10.813126135932995,170.12837108953613,174.9090909090909,0.9726674022784967,95.25,5.11737237261468,93.48541666666667,9.210037314060616,93.28155339805825,99.21212121212122,0.9402233543472264
-26.619444,27.980833,257.25,1.7853571071357126,220.41041666666666,87.71946462915963,220.1436343852013,226.390243902439,0.9724077795506645,62.25,0.4330127018922193,53.253125,21.114062519271563,53.23721436343852,53.609756097560975,0.9930508593707497,208.75,2.947456530637899,175.38541666666666,70.3548846017559,175.4918389553863,173.0,1.0144036933831495,131.75,3.2691742076555053,96.853125,39.935446486394866,96.06311207834602,114.5609756097561,0.8385325942535127
-26.510278,28.351389,191.0,110.546370361039,214.65,95.68736201818922,209.7003444316877,263.08988764044943,0.7970672925224477,47.75,27.571497964383436,51.58541666666667,22.83644281975024,50.48450057405281,62.359550561797754,0.8095712704654945,157.0,90.75516514226615,169.13020833333334,76.64018150285091,166.77611940298507,192.1685393258427,0.867863803242586,101.25,58.50801227182479,101.796875,46.719769533189854,99.57290470723306,123.56179775280899,0.80585509856657
